DBN,School Name,# Total Students,# Students in Temporary Housing,% Students in Temporary Housing,# Students Residing in Shelter,# Residing in DHS Shelter,# Residing in Non-DHS Shelter,# Doubled Up
01M015,P.S. 015 Roberto Clemente,184,67,36.4%,31,23,8,35
01M019,P.S. 019 Asher Levy,258,35,13.6%,20,s,s,15
01M020,P.S. 020 Anna Silver,497,73,14.7%,36,24,12,34
01M034,P.S. 034 Franklin D. Roosevelt,316,76,24.1%,50,40,10,26
01M063,The STAR Academy - P.S.63,239,60,25.1%,21,s,s,38
01M064,P.S. 064 Robert Simon,235,49,20.9%,20,s,s,29
01M110,P.S. 110 Florence Nightingale,368,49,13.3%,14,s,s,34
01M134,P.S. 134 Henrietta Szold,301,61,20.3%,36,27,9,21
01M140,P.S. 140 Nathan Straus,388,81,20.9%,27,19,8,52
01M142,P.S. 142 Amalia Castro,356,97,27.2%,33,s,s,60
01M184,P.S. 184m Shuang Wen,690,90,13.0%,s,s,s,84
01M188,P.S. 188 The Island School,436,172,39.4%,102,83,19,64
01M292,Orchard Collegiate Academy,198,24,12.1%,10,s,s,10
01M315,The East Village Community School,342,10,2.9%,s,s,s,6
01M332,University Neighborhood Middle School,214,33,15.4%,11,s,s,20
01M361,The Children's Workshop School,326,31,9.5%,10,s,s,20
01M363,Neighborhood School,307,8,2.6%,s,s,s,s
01M364,Earth School,353,51,14.4%,9,s,s,40
01M378,School for Global Leaders,275,38,13.8%,19,13,6,13
01M448,University Neighborhood High School,496,55,11.1%,12,6,6,41
01M450,East Side Community School,677,56,8.3%,13,7,6,41
01M458,Forsyth Satellite Academy,228,28,12.3%,17,8,9,s
01M509,Marta Valle High School,125,6,4.8%,6,s,s,s
01M515,Lower East Side Preparatory High School,659,97,14.7%,18,s,s,73
01M539,"New Explorations into Science, Technology and Math",1772,10,0.6%,s,s,s,10
01M650,Cascades High School,235,29,12.3%,20,9,11,6
01M696,Bard High School Early College,613,12,2.0%,s,s,s,8
01M700,Universal Pre-K C.B.O.,298,31,10.4%,18,s,s,13
01M839,Tompkins Square Middle School,363,23,6.3%,s,s,s,14
02M001,P.S. 001 Alfred E. Smith,305,11,3.6%,7,s,s,s
02M002,P.S. 002 Meyer London,503,96,19.1%,30,s,s,66
02M003,P.S. 003 Charrette School,746,6,0.8%,s,s,s,6
02M011,P.S. 011 William T. Harris,921,57,6.2%,27,21,6,28
02M033,P.S. 033 Chelsea Prep,647,100,15.5%,71,64,7,28
02M040,P.S. 040 Augustus Saint-Gaudens,756,8,1.1%,s,s,s,8
02M042,P.S. 042 Benjamin Altman,580,21,3.6%,s,s,s,17
02M047,47 The American Sign Language and English Secondar,198,20,10.1%,14,7,7,6
02M051,P.S. 051 Elias Howe,520,103,19.8%,58,s,s,43
02M059,P.S. 059 Beekman Hill International,619,8,1.3%,s,s,s,s
02M104,J.H.S. 104 Simon Baruch,1147,60,5.2%,24,17,7,33
02M111,P.S. 111 Adolph S. Ochs,440,82,18.6%,66,s,s,16
02M116,P.S. 116 Mary Lindley Murray,523,58,11.1%,44,s,s,13
02M124,P.S. 124 Yung Wing,675,35,5.2%,s,s,s,30
02M126,P.S. 126 Jacob August Riis,725,175,24.1%,10,s,s,165
02M130,P.S. 130 Hernando De Soto,872,8,0.9%,s,s,s,6
02M131,M.S. 131,410,64,15.6%,7,s,s,56
02M135,The Urban Assembly School for Emergency Management,264,35,13.3%,15,8,7,11
02M139,Stephen T. Mather Building Arts & Craftsmanship Hi,400,25,6.3%,16,9,7,8
02M151,Yorkville Community School,500,39,7.8%,s,s,s,28
02M158,P.S. 158 Bayard Taylor,816,9,1.1%,s,s,s,6
02M167,J.H.S. 167 Robert F. Wagner,1405,48,3.4%,9,s,s,34
02M177,Yorkville East Middle School,233,6,2.6%,s,s,s,s
02M198,P.S. 198 Isador E. Ida Straus,499,11,2.2%,6,s,s,s
02M212,P.S. 212 Midtown West,368,10,2.7%,s,s,s,s
02M217,P.S./I.S. 217 Roosevelt Island,653,15,2.3%,s,s,s,12
02M225,Ella Baker School,328,16,4.9%,9,s,s,6
02M260,The Clinton School,730,8,1.1%,s,s,s,8
02M267,"East Side Elementary School, PS 267",440,10,2.3%,s,s,s,s
02M276,Battery Park City School,874,13,1.5%,s,s,s,8
02M280,Manhattan Early College School for Advertising,417,32,7.7%,11,s,s,18
02M281,The River School,366,17,4.6%,s,s,s,12
02M282,Urban Assembly Maker Academy,404,28,6.9%,13,s,s,14
02M288,Food and Finance High School,373,15,4.0%,11,s,s,s
02M289,I.S. 289,286,19,6.6%,s,s,s,12
02M294,Essex Street Academy,333,13,3.9%,6,s,s,6
02M296,High School of Hospitality Management,379,38,10.0%,19,13,6,16
02M297,M.S. 297,576,39,6.8%,22,s,s,11
02M298,Pace High School,581,46,7.9%,18,9,9,23
02M300,"Urban Assembly School of Design and Construction,",305,45,14.8%,20,11,9,21
02M303,"Facing History School, The",375,47,12.5%,21,s,s,22
02M305,"Urban Assembly Academy of Government and Law, The",304,24,7.9%,10,s,s,13
02M308,Lower Manhattan Arts Academy,293,35,11.9%,14,s,s,19
02M313,"James Baldwin School, The: A School for Expedition",258,15,5.8%,s,s,s,8
02M316,"Urban Assembly School of Business for Young Women,",186,18,9.7%,6,s,s,9
02M347,The 47 American Sign Language & English Lower Scho,207,42,20.3%,22,15,7,15
02M374,Gramercy Arts High School,449,40,8.9%,15,9,6,20
02M376,NYC iSchool,466,17,3.6%,s,s,s,9
02M391,District 2 Pre-K Center,545,17,3.1%,9,s,s,6
02M392,MANHATTAN BUSINESS ACADEMY,421,47,11.2%,22,15,7,22
02M393,Business Of Sports School,441,57,12.9%,21,s,s,31
02M394,Emma Lazarus High School,384,7,1.8%,s,s,s,s
02M397,Spruce Street School,567,15,2.6%,8,s,s,6
02M399,The High School For Language And Diplomacy,307,33,10.7%,8,s,s,22
02M400,High School for Environmental Studies,1127,60,5.3%,30,20,10,24
02M407,Institute for Collaborative Education,484,22,4.5%,6,s,s,11
02M408,Professional Performing Arts High School,568,18,3.2%,s,s,s,8
02M411,Baruch College Campus High School,488,7,1.4%,s,s,s,7
02M412,N.Y.C. Lab School for Collaborative Studies,475,12,2.5%,s,s,s,6
02M413,School of the Future High School,751,31,4.1%,6,s,s,19
02M418,Millennium High School,683,27,4.0%,s,s,s,24
02M419,Landmark High School,329,28,8.5%,12,s,s,12
02M420,High School for Health Professions and Human Servi,1801,72,4.0%,27,14,13,41
02M422,Quest to Learn,537,59,11.0%,25,17,8,29
02M425,Leadership and Public Service High School,451,29,6.4%,12,s,s,14
02M427,MANHATTAN ACADEMY FOR ARTS & LANGUAGE,250,107,42.8%,20,s,s,83
02M432,Murray Hill Academy,310,36,11.6%,13,s,s,19
02M437,Hudson High School of Learning Technologies,472,50,10.6%,17,9,8,32
02M438,International High School at Union Square,383,138,36.0%,16,s,s,118
02M439,Manhattan Village Academy,457,15,3.3%,s,s,s,13
02M444,Home Schooling,359,14,3.9%,7,s,s,s
02M449,Vanguard High School,438,31,7.1%,12,6,6,13
02M459,Manhattan International High School,314,59,18.8%,9,s,s,45
02M473,Washington Irving Yabc,199,20,10.1%,11,s,s,9
02M475,Stuyvesant High School,3312,42,1.3%,s,s,s,39
02M489,High School of Economics and Finance,731,53,7.3%,23,s,s,29
02M500,Unity Center for Urban Technologies,275,33,12.0%,20,12,8,11
02M507,Urban Assembly Gateway School for Technology,458,36,7.9%,11,s,s,23
02M519,Talent Unlimited High School,507,11,2.2%,s,s,s,7
02M520,Murry Bergtraum High School for Business Careers,170,16,9.4%,8,s,s,8
02M527,P.S. 527 - East Side School for Social Action,437,12,2.7%,s,s,s,8
02M529,Jacqueline Kennedy Onassis High School,432,50,11.6%,24,11,13,22
02M531,Repertory Company High School for Theatre Arts,237,9,3.8%,s,s,s,6
02M533,Union Square Academy for Health Sciences,414,38,9.2%,11,s,s,26
02M534,Harvest Collegiate High School,472,27,5.7%,s,s,s,22
02M542,Manhattan Bridges High School,543,107,19.7%,18,12,6,88
02M543,New Design High School,430,46,10.7%,25,10,15,17
02M544,Independence High School,377,42,11.1%,26,15,11,9
02M545,High School for Dual Language and Asian Studies,404,52,12.9%,s,s,s,52
02M546,Academy for Software Engineering,461,16,3.5%,s,s,s,9
02M550,Liberty High School Academy for Newcomers,536,160,29.9%,21,s,s,125
02M551,Urban Assembly New York Harbor School,528,32,6.1%,11,s,s,18
02M560,High School M560 - City As School,665,63,9.5%,26,14,12,28
02M565,Urban Academy Laboratory High School,164,12,7.3%,7,s,s,s
02M570,Satellite Academy High School,271,22,8.1%,8,s,s,13
02M575,Manhattan Comprehensive Night and Day High School,844,86,10.2%,23,9,14,50
02M580,Richard R. Green High School of Teaching,434,31,7.1%,14,s,s,12
02M586,Harvey Milk High School,82,14,17.1%,6,s,s,6
02M600,The High School of Fashion Industries,1544,94,6.1%,46,27,19,44
02M605,Humanities Preparatory Academy,244,48,19.7%,6,s,s,38
02M615,Chelsea Career and Technical Education High School,447,31,6.9%,12,s,s,16
02M630,Art and Design High School,1466,66,4.5%,21,13,8,42
02M655,Life Sciences Secondary School,448,38,8.5%,23,s,s,14
02M700,Universal Pre-K C.B.O.,868,61,7.0%,23,s,s,38
02M933,City Knoll Middle School,188,39,20.7%,36,s,s,s
03M009,P.S. 009 Sarah Anderson,634,44,6.9%,13,s,s,31
03M054,J.H.S. 054 Booker T. Washington,867,13,1.5%,s,s,s,9
03M075,P.S. 075 Emily Dickinson,572,68,11.9%,39,s,s,28
03M076,P.S. 076 A. Philip Randolph,463,125,27.0%,70,49,21,54
03M084,P.S. 084 Lillian Weber,697,41,5.9%,13,s,s,21
03M087,P.S. 087 William Sherman,904,13,1.4%,10,s,s,s
03M145,"P.S. 145, The Bloomingdale School",420,80,19.0%,46,s,s,32
03M149,P.S. 149 Sojourner Truth,252,58,23.0%,32,s,s,24
03M163,P.S. 163 Alfred E. Smith,579,48,8.3%,13,s,s,27
03M165,P.S. 165 Robert E. Simon,461,81,17.6%,32,s,s,48
03M166,P.S. 166 The Richard Rodgers School of The Arts an,646,14,2.2%,s,s,s,8
03M180,P.S. 180 Hugo Newman,567,93,16.4%,24,s,s,66
03M185,The Locke School of Arts and Engineering,379,35,9.2%,27,s,s,7
03M191,The Riverside School for Makers and Artists,595,81,13.6%,31,23,8,38
03M241,STEM Institute of Manhattan,138,22,15.9%,s,s,s,15
03M242,P.S. 242 - The Young Diplomats Magnet Academy,143,36,25.2%,21,s,s,14
03M245,M.S. M245 The Computer School,404,13,3.2%,s,s,s,12
03M247,M.S. M247 Dual Language Middle School,231,34,14.7%,8,s,s,26
03M250,M.S. 250 West Side Collaborative Middle School,172,28,16.3%,9,s,s,16
03M256,Lafayette Academy,158,28,17.7%,11,s,s,17
03M258,Community Action School - MS 258,249,25,10.0%,9,s,s,14
03M291,West End Secondary School,435,11,2.5%,s,s,s,10
03M299,The Maxine Greene HS for Imaginative Inquiry,358,42,11.7%,18,10,8,21
03M307,"Urban Assembly School for Media Studies, The",413,41,9.9%,17,9,8,21
03M333,P.S. 333 Manhattan School for Children,765,13,1.7%,s,s,s,9
03M402,The Urban Assembly School for Green Careers,311,31,10.0%,12,s,s,17
03M403,The Global Learning Collaborative,412,40,9.7%,12,s,s,24
03M404,Innovation Diploma Plus,228,16,7.0%,9,s,s,s
03M415,Wadleigh Secondary School for the Performing & Vis,312,49,15.7%,33,22,11,15
03M417,Frank Mccourt High School,419,17,4.1%,s,s,s,12
03M421,West Prep Academy,218,36,16.5%,22,s,s,9
03M444,Home Schooling,203,9,4.4%,s,s,s,s
03M452,P.S. 452,400,8,2.0%,s,s,s,s
03M479,Beacon High School,1432,9,0.6%,s,s,s,6
03M485,Fiorello H. LaGuardia High School of Music & Art a,2753,12,0.4%,s,s,s,8
03M492,"High School for Law, Advocacy and Community Justic",429,52,12.1%,31,16,15,18
03M494,High School of Arts and Technology,475,54,11.4%,31,22,9,21
03M505,Edward A. Reynolds West Side High School,456,58,12.7%,27,12,15,26
03M541,Manhattan / Hunter Science High School,443,12,2.7%,s,s,s,9
03M700,Universal Pre-K C.B.O.,555,63,11.4%,24,s,s,37
03M859,Special Music School,314,8,2.5%,s,s,s,s
03M860,Frederick Douglass Academy II Secondary School,370,69,18.6%,32,18,14,30
03M862,Mott Hall II,438,24,5.5%,11,s,s,11
04M007,P.S. 007 Samuel Stern,423,88,20.8%,39,28,11,48
04M012,Tag Young Scholars,603,12,2.0%,s,s,s,7
04M037,River East Elementary,264,32,12.1%,15,9,6,14
04M038,P.S. 38 Roberto Clemente,265,81,30.6%,49,42,7,28
04M057,James Weldon Johnson,813,208,25.6%,82,47,35,122
04M072,The Lexington Academy,667,163,24.4%,57,43,14,102
04M083,P.S. 083 Luis Munoz Rivera,435,39,9.0%,29,22,7,9
04M096,P.S. 096 Joseph Lanzetta,423,93,22.0%,43,31,12,41
04M102,P.S. 102 Jacques Cartier,305,66,21.6%,34,22,12,29
04M108,P.S. 108 Assemblyman Angelo Del Toro Educational C,495,74,14.9%,47,38,9,22
04M112,P.S. 112 Jose Celso Barbosa,351,62,17.7%,27,s,s,35
04M146,P.S. 146 Ann M. Short,410,100,24.4%,51,44,7,49
04M155,P.S. 155 William Paca,254,43,16.9%,12,s,s,30
04M171,P.S. 171 Patrick Henry,778,77,9.9%,21,13,8,54
04M182,The Bilingual Bicultural School,331,93,28.1%,18,s,s,74
04M206,P.S. 206 Jose Celso Barbosa,500,81,16.2%,36,25,11,40
04M224,M.S. 224 Manhattan East School for Arts & Academic,196,10,5.1%,6,s,s,s
04M310,THE JUDITH S. KAYE HIGH SCHOOL,109,17,15.6%,13,s,s,s
04M372,Esperanza Preparatory Academy,594,108,18.2%,24,s,s,77
04M375,Mosaic Preparatory Academy,320,102,31.9%,60,47,13,41
04M377,Renaissance School of the Arts,171,35,20.5%,14,s,s,18
04M435,Manhattan Center for Science and Mathematics,1654,44,2.7%,17,s,s,22
04M444,Home Schooling,82,8,9.8%,s,s,s,s
04M495,Park East High School,393,17,4.3%,7,s,s,10
04M497,Central Park East I,190,15,7.9%,s,s,s,11
04M555,Central Park East High School,511,16,3.1%,s,s,s,10
04M610,Young Women's Leadership School,480,17,3.5%,7,s,s,10
04M680,"Heritage School, The",309,22,7.1%,11,s,s,9
04M700,Universal Pre-K C.B.O.,424,51,12.0%,23,s,s,28
04M825,Isaac Newton Middle School for Math & Science,241,26,10.8%,6,s,s,19
04M964,Central Park East II,500,55,11.0%,22,15,7,27
05M030,P.S. 030 Hernandez/Hughes,275,71,25.8%,31,25,6,37
05M036,P.S. 036 Margaret Douglas,390,88,22.6%,32,20,12,56
05M046,P.S. 046 Arthur Tappan,637,121,19.0%,52,41,11,64
05M092,P.S. 092 Mary McLeod Bethune,265,75,28.3%,43,35,8,24
05M123,P.S. 123 Mahalia Jackson,520,202,38.8%,117,62,55,84
05M125,P.S. 125 Ralph Bunche,306,24,7.8%,7,s,s,17
05M129,P.S. 129 John H. Finley,457,97,21.2%,63,40,23,32
05M133,P.S. 133 Fred R Moore,249,59,23.7%,28,s,s,31
05M148,Eagle Academy for Young Men of Harlem,387,42,10.9%,15,8,7,25
05M154,P.S. 154 Harriet Tubman,301,77,25.6%,37,25,12,39
05M157,The Urban Assembly School for Global Commerce,253,25,9.9%,11,s,s,10
05M161,P.S. 161 Pedro Albizu Campos,847,222,26.2%,55,31,24,146
05M175,P.S. 175 Henry H Garnet,371,74,19.9%,64,50,14,7
05M194,P.S. 194 Countee Cullen,228,75,32.9%,44,34,10,30
05M197,P.S. 197 John B. Russwurm,344,99,28.8%,63,44,19,29
05M200,P.S. 200- The James Mccune Smith School,431,92,21.3%,56,30,26,34
05M285,Harlem Renaissance High School,251,33,13.1%,20,11,9,8
05M286,Urban Assembly Academy for Future Leaders,141,25,17.7%,18,10,8,s
05M304,Mott Hall High School,297,61,20.5%,28,22,6,27
05M318,Thurgood Marshall Academy Lower School,213,35,16.4%,11,s,s,20
05M362,Columbia Secondary School,713,39,5.5%,9,s,s,26
05M369,Urban Assembly School for the Performing Arts,369,37,10.0%,21,14,7,13
05M444,Home Schooling,145,8,5.5%,s,s,s,s
05M499,Frederick Douglass Academy,1237,129,10.4%,70,39,31,56
05M514,New Design Middle School,149,26,17.4%,12,6,6,11
05M517,Teachers College Community School,324,24,7.4%,s,s,s,19
05M670,Thurgood Marshall Academy for Learning and Social,544,63,11.6%,19,7,12,36
05M692,"High School for Mathematics, Science and Engineeri",487,8,1.6%,s,s,s,6
05M700,Universal Pre-K C.B.O.,697,117,16.8%,46,39,7,70
06M004,P.S. 004 Duke Ellington,534,103,19.3%,19,s,s,80
06M005,P.S. 005 Ellen Lurie,585,61,10.4%,15,s,s,36
06M008,P.S. 008 Luis Belliard,525,70,13.3%,20,s,s,47
06M018,P.S. 018 Park Terrace,363,121,33.3%,s,s,s,119
06M028,P.S. 028 Wright Brothers,625,190,30.4%,57,40,17,126
06M048,P.S. 048 P.O. Michael J. Buczek,496,109,22.0%,12,s,s,94
06M052,Harold O. Levy School,283,57,20.1%,s,s,s,52
06M098,P.S. 098 Shorac Kappock,443,102,23.0%,s,s,s,97
06M103,Dos Puentes Elementary School,418,93,22.2%,s,s,s,88
06M115,P.S. 115 Alexander Humboldt,482,123,25.5%,15,s,s,104
06M128,P.S. 128 Audubon,633,206,32.5%,12,s,s,193
06M132,P.S. 132 Juan Pablo Duarte,261,75,28.7%,16,s,s,58
06M143,J.H.S. 143 Eleanor Roosevelt,275,45,16.4%,10,s,s,33
06M152,P.S. 152 Dyckman Valley,583,231,39.6%,14,s,s,215
06M153,P.S. 153 Adam Clayton Powell,555,147,26.5%,38,28,10,109
06M173,P.S. 173,509,32,6.3%,19,s,s,13
06M178,Professor Juan Bosch Public School,286,43,15.0%,s,s,s,41
06M187,P.S./I.S. 187 Hudson Cliffs,795,40,5.0%,s,s,s,39
06M189,P.S. 189,767,61,8.0%,18,s,s,36
06M192,P.S. 192 Jacob H. Schiff,403,55,13.6%,29,21,8,26
06M209,Hamilton Grange Middle School,312,49,15.7%,9,s,s,38
06M210,P.S./I.S. 210 - Twenty-first Century Academy for C,436,20,4.6%,14,s,s,6
06M211,Inwood Early College for Health and Information Te,429,34,7.9%,8,s,s,25
06M223,The Mott Hall School,300,23,7.7%,6,s,s,16
06M278,Paula Hedbavny School,564,55,9.8%,7,s,s,46
06M293,City College Academy of the Arts,606,53,8.7%,8,s,s,44
06M311,Amistad Dual Language School,419,61,14.6%,7,s,s,53
06M314,Muscota,295,8,2.7%,s,s,s,8
06M319,M.S. 319 - Maria Teresa,399,62,15.5%,10,s,s,51
06M322,Middle School 322,422,131,31.0%,12,s,s,115
06M324,M.S. 324 - Patria Mirabal,358,61,17.0%,19,12,7,32
06M328,Community Math & Science Prep,225,26,11.6%,17,11,6,8
06M346,Community Health Academy of the Heights,728,99,13.6%,20,12,8,79
06M348,Washington Heights Expeditionary Learning School,870,96,11.0%,12,s,s,79
06M349,Harbor Heights,156,66,42.3%,15,s,s,51
06M366,Washington Heights Academy,599,47,7.8%,s,s,s,46
06M368,Hamilton Heights School,161,37,23.0%,13,s,s,23
06M423,High School for Excellence and Innovation,191,43,22.5%,8,s,s,34
06M457,George Washington Yabc,134,20,14.9%,s,s,s,15
06M462,The College Academy,435,121,27.8%,16,9,7,104
06M463,High School for Media and Communications,403,128,31.8%,10,s,s,115
06M467,High School for Law and Public Service,491,112,22.8%,15,s,s,93
06M468,High School for Health Careers and Sciences,434,106,24.4%,20,11,9,81
06M513,Castle Bridge School,204,34,16.7%,s,s,s,31
06M528,I.S. 528 Bea Fuller Rodgers School,238,40,16.8%,s,s,s,38
06M540,A. Philip Randolph Campus High School,1467,175,11.9%,69,27,42,94
06M552,Gregorio Luperon High School for Science and Mathe,564,172,30.5%,16,9,7,156
06M700,Universal Pre-K C.B.O.,931,150,16.1%,16,s,s,122
07X001,P.S. 001 Courtlandt School,689,157,22.8%,72,47,25,81
07X005,P.S. 5 Port Morris,781,185,23.7%,82,66,16,103
07X018,P.S. 018 John Peter Zenger,619,165,26.7%,78,57,21,77
07X025,P.S. 025 Bilingual School,570,71,12.5%,42,32,10,25
07X029,P.S./M.S. 029 Melrose School,857,136,15.9%,67,56,11,66
07X030,P.S. 030 Wilton,581,142,24.4%,76,58,18,61
07X031,P.S./M.S. 031 The William Lloyd Garrison,726,147,20.2%,43,35,8,99
07X043,P.S. 043 Jonas Bronck,480,92,19.2%,37,29,8,54
07X049,P.S. 049 Willis Avenue,675,141,20.9%,60,41,19,79
07X065,P.S. 065 Mother Hale Academy,393,163,41.5%,97,91,6,64
07X151,J.H.S. 151 Lou Gehrig,250,87,34.8%,24,s,s,59
07X154,P.S. 154 Jonathan D. Hyatt,347,39,11.2%,29,s,s,s
07X157,P.S. 157 Grove Hill,653,144,22.1%,72,54,18,68
07X161,P.S. 161 Juan Ponce De Leon School,502,102,20.3%,50,36,14,46
07X179,P.S. 179,317,62,19.6%,29,23,6,29
07X221,South Bronx Preparatory: A College Board School,671,84,12.5%,26,14,12,53
07X223,The Laboratory School of Finance and Technology: X,674,74,11.0%,23,11,12,43
07X224,P.S./I.S. 224,328,76,23.2%,31,23,8,40
07X259,"H.E.R.O. High (Health, Education, and Research Occ",518,76,14.7%,38,23,15,35
07X277,P.S. 277,506,101,20.0%,44,s,s,55
07X296,South Bronx Academy for Applied Media,250,69,27.6%,34,27,7,31
07X298,Academy of Public Relations,278,76,27.3%,37,24,13,36
07X334,International Community High School,427,116,27.2%,23,17,6,91
07X343,Academy of Applied Mathematics and Technology,312,40,12.8%,14,s,s,22
07X359,Concourse Village Elementary School,353,56,15.9%,15,s,s,41
07X369,Young Leaders Elementary School,267,85,31.8%,19,s,s,65
07X379,Jill Chaifetz Transfer High School,232,21,9.1%,15,s,s,s
07X381,Bronx Haven High School,169,19,11.2%,11,s,s,6
07X427,Community School for Social Justice,327,58,17.7%,25,15,10,29
07X444,Home Schooling,108,12,11.1%,11,s,s,s
07X456,Alfred E. Smith Campus YABC,175,13,7.4%,7,s,s,s
07X473,Mott Haven Village Preparatory High School,349,50,14.3%,27,20,7,19
07X495,University Heights Secondary School,524,32,6.1%,9,s,s,21
07X500,Hostos-Lincoln Academy of Science,543,46,8.5%,15,7,8,27
07X522,Bronx Design and Construction Academy,443,64,14.4%,28,21,7,31
07X527,Bronx Leadership Academy II High School,536,68,12.7%,23,16,7,38
07X533,Learning through Play Pre-K Center,238,32,13.4%,11,s,s,21
07X548,Careers in Sports High School,505,85,16.8%,32,12,20,45
07X551,The Urban Assembly Bronx Academy of Letters,607,78,12.9%,28,12,16,45
07X557,Mott Haven Community High School,286,36,12.6%,20,9,11,9
07X584,I.S. 584,262,55,21.0%,19,11,8,29
07X600,Alfred E. Smith Career and Technical Education Hig,452,50,11.1%,16,9,7,31
07X670,Health Opportunities High School,499,80,16.0%,30,21,9,37
07X700,Universal Pre-K C.B.O.,916,112,12.2%,48,32,16,57
08X014,P.S. X014 Senator John Calandra,596,51,8.6%,8,s,s,40
08X036,P.S. 036 Unionport,797,80,10.0%,20,s,s,57
08X048,P.S. 048 Joseph R. Drake,733,255,34.8%,129,108,21,117
08X062,P.S. 062 Inocensio Casanova,703,146,20.8%,97,67,30,40
08X069,P.S. 069 Journey Prep School,644,72,11.2%,25,18,7,34
08X071,P.S. 071 Rose E. Scala,1612,71,4.4%,32,26,6,33
08X072,P.S. 072 Dr. William Dorney,783,99,12.6%,41,29,12,58
08X075,P.S. 75 School of Research and Discovery,624,112,17.9%,63,54,9,48
08X093,P.S. 093 Albert G. Oliver,369,52,14.1%,17,s,s,32
08X100,P.S. 100 Isaac Clason,583,95,16.3%,50,43,7,41
08X101,M.S. X101 Edward R. Byrne,550,14,2.5%,s,s,s,10
08X107,P.S. 107,563,98,17.4%,54,35,19,43
08X119,The Dr. Emmett W. Bassett School,827,79,9.6%,21,s,s,53
08X123,J.H.S. 123 James M. Kieran,430,99,23.0%,29,14,15,66
08X130,P.S. 130 Abram Stevens Hewitt,443,87,19.6%,39,27,12,45
08X131,J.H.S. 131 Albert Einstein,488,92,18.9%,46,29,17,45
08X138,P.S. 138 Samuel Randall,691,120,17.4%,36,30,6,81
08X140,P.S. X140 The Eagle School,624,143,22.9%,63,49,14,75
08X146,P.S. 146 Edward Collins,412,86,20.9%,47,s,s,33
08X152,P.S. 152 Evergreen,852,197,23.1%,70,53,17,127
08X182,P.S. 182,787,45,5.7%,31,s,s,12
08X269,Bronx Studio School for Writers and Artists,650,63,9.7%,48,30,18,15
08X282,Women's Academy of Excellence,251,43,17.1%,23,13,10,13
08X293,Renaissance High School for Musical Theater and th,467,31,6.6%,19,13,6,11
08X301,M.S. 301 Paul L. Dunbar,263,53,20.2%,21,13,8,29
08X302,M.S. 302 Luisa Dessus Cruz,506,108,21.3%,46,29,17,61
08X304,P.S. 304 Early Childhood School,531,38,7.2%,21,s,s,16
08X312,Millennium Art Academy,443,53,12.0%,31,15,16,16
08X320,Pelham Lab High School,486,40,8.2%,13,s,s,22
08X333,The Longwood Academy of Discovery,655,167,25.5%,58,51,7,102
08X337,The School for Inquiry and Social Justice,525,78,14.9%,24,13,11,46
08X348,Schuylerville Preparatory High School,391,32,8.2%,23,16,7,9
08X349,Bronx River High School,442,32,7.2%,10,s,s,17
08X367,"Archimedes Academy for Math, Science and Technolog",658,94,14.3%,34,25,9,55
08X371,Urban Institute of Mathematics,380,31,8.2%,9,s,s,21
08X375,The Bronx Mathematics Preparatory School,249,74,29.7%,25,s,s,40
08X376,Antonia Pantoja Preparatory Academy: A College Boa,460,86,18.7%,41,24,17,41
08X377,Bronx Community High School,172,12,7.0%,s,s,s,7
08X392,Bronx Delta School,358,24,6.7%,s,s,s,16
08X405,Herbert H. Lehman High School,768,32,4.2%,23,14,9,9
08X408,Herbert H. Lehman Yabc,277,16,5.8%,6,s,s,7
08X424,The Hunts Point School,318,97,30.5%,45,36,9,43
08X432,Bronx Bridges High School,366,91,24.9%,22,s,s,64
08X444,Home Schooling,244,32,13.1%,23,s,s,6
08X448,Soundview Academy for Culture and Scholarship,391,50,12.8%,14,s,s,29
08X452,Gotham Collaborative High School,523,96,18.4%,39,15,24,47
08X467,Mott Hall Community School,368,51,13.9%,21,14,7,29
08X507,Stevenson Yabc,182,17,9.3%,11,s,s,s
08X530,Longwood Preparatory Academy,337,51,15.1%,25,17,8,25
08X537,Bronx Arena High School,183,19,10.4%,7,s,s,s
08X558,Westchester Square Academy,576,41,7.1%,27,16,11,14
08X559,School for Tourism and Hospitality,332,83,25.0%,40,32,8,35
08X561,Bronx Compass High School,402,56,13.9%,36,16,20,18
08X562,Blueprint Middle School,702,82,11.7%,20,s,s,61
08X583,P.S. 583,198,33,16.7%,6,s,s,26
08X700,Universal Pre-K C.B.O.,1110,81,7.3%,28,s,s,50
09X004,P.S./M.S. 004 Crotona Park West,571,238,41.7%,202,185,17,29
09X011,P.S. 011 Highbridge,577,130,22.5%,58,51,7,71
09X022,J.H.S. 022 Jordan L. Mott,460,98,21.3%,63,40,23,31
09X028,P.S. 028 Mount Hope,793,236,29.8%,98,69,29,132
09X035,P.S. 035 Franz Siegel,627,121,19.3%,49,24,25,69
09X042,P.S. 042 Claremont,415,127,30.6%,87,71,16,37
09X053,P.S. 053 Basheer Quisim,1072,325,30.3%,187,150,37,130
09X055,P.S. 055 Benjamin Franklin,620,114,18.4%,65,52,13,48
09X058,P.S. 058,442,109,24.7%,63,53,10,40
09X063,P.S. 063 Author's Academy,571,166,29.1%,73,55,18,78
09X070,P.S. 070 Max Schoenfeld,1179,241,20.4%,84,71,13,153
09X073,P.S. 073 Bronx,599,157,26.2%,42,32,10,114
09X088,P.S. X088 - S. Silverstein Little Sparrow School,148,70,47.3%,20,s,s,50
09X109,P.S. 109 Sedgwick,640,102,15.9%,43,36,7,56
09X110,P.S. 110 Theodore Schoenfeld,433,111,25.6%,52,s,s,57
09X114,P.S. X114 - Luis Llorens Torres Schools,745,278,37.3%,65,46,19,212
09X117,I.S. 117 Joseph H. Wade,512,178,34.8%,43,37,6,128
09X126,P.S. 126 Dr Marjorie H Dunbar,620,93,15.0%,57,50,7,36
09X128,Mott Hall III,357,25,7.0%,8,s,s,17
09X132,P.S. 132 Garret A. Morgan,389,101,26.0%,64,42,22,30
09X163,P.S. 163 Arthur A. Schomburg,484,75,15.5%,20,s,s,55
09X170,P.S. 170,245,47,19.2%,17,s,s,30
09X199,P.S. 199X - The Shakespeare School,752,253,33.6%,98,84,14,150
09X204,P.S. 204 Morris Heights,671,131,19.5%,43,s,s,88
09X215,Kappa,345,34,9.9%,18,s,s,15
09X218,P.S./I.S. 218 Rafael Hernandez Dual Language Magne,1048,157,15.0%,14,8,6,142
09X219,I.S. 219 New Venture School,374,83,22.2%,35,26,9,46
09X227,Bronx Collegiate Academy,386,61,15.8%,27,13,14,31
09X229,I.S. 229 Roland Patterson,250,53,21.2%,25,16,9,23
09X231,Eagle Academy for Young Men,523,50,9.6%,17,8,9,27
09X232,I.S. 232,528,104,19.7%,33,24,9,70
09X236,P.S. 236 Langston Hughes,336,66,19.6%,18,s,s,47
09X241,Urban Assembly School for Applied Math and Science,600,73,12.2%,25,18,7,43
09X250,Eximius College Preparatory Academy: A College Boa,433,46,10.6%,25,16,9,18
09X252,Mott Hall Bronx High School,374,40,10.7%,17,10,7,22
09X260,Bronx Center for Science and Mathematics,465,43,9.2%,9,s,s,33
09X263,Validus Preparatory Academy,366,63,17.2%,29,14,15,29
09X274,The New American Academy at Roberto Clemente State,753,182,24.2%,89,73,16,79
09X294,The Walton Avenue School,530,142,26.8%,48,30,18,92
09X297,Morris Academy for Collaborative Studies,413,32,7.7%,21,9,12,11
09X303,I.S. X303 Leadership & Community Service,320,42,13.1%,8,s,s,34
09X311,Lucero Elementary School,430,146,34.0%,54,45,9,92
09X313,I.S. 313 School of Leadership Development,308,60,19.5%,29,16,13,31
09X323,Bronx Writing Academy,428,87,20.3%,46,38,8,40
09X324,Bronx Early College Academy for Teaching & Learnin,512,65,12.7%,21,s,s,38
09X327,Comprehensive Model School Project M.S. 327,736,92,12.5%,12,s,s,73
09X328,New Millennium Business Academy Middle School,329,86,26.1%,33,20,13,50
09X329,DreamYard Preparatory School,271,49,18.1%,20,13,7,27
09X339,I.S. 339,513,126,24.6%,50,34,16,71
09X350,New Directions Secondary School,206,48,23.3%,23,15,8,21
09X361,The Highbridge Green School,379,57,15.0%,8,s,s,47
09X365,Academy for Language and Technology,356,215,60.4%,17,s,s,198
09X403,Bronx International High School,445,157,35.3%,36,17,19,107
09X404,School for Excellence,299,56,18.7%,29,20,9,25
09X412,Bronx High School of Business,282,76,27.0%,28,17,11,46
09X413,Bronx High School for Medical Science,420,24,5.7%,12,s,s,10
09X443,The Family School,569,139,24.4%,47,38,9,86
09X444,Home Schooling,129,28,21.7%,21,s,s,7
09X449,Grant Avenue Elementary School,463,101,21.8%,44,38,6,56
09X454,Science and Technology Academy: A Mott Hall School,464,85,18.3%,17,8,9,68
09X457,Sheridan Academy for Young Leaders,522,115,22.0%,34,28,6,77
09X505,"Bronx School for Law, Government and Justice",768,78,10.2%,19,9,10,56
09X517,Frederick Douglass Academy III Secondary School,413,84,20.3%,44,30,14,37
09X525,Bronx Leadership Academy High School,550,92,16.7%,50,32,18,39
09X543,High School for Violin and Dance,248,50,20.2%,23,17,6,24
09X555,Mount Eden Children's Academy,429,74,17.2%,11,s,s,63
09X564,Claremont International HS,382,159,41.6%,23,14,9,136
09X568,Young Women's Leadership School of the Bronx,540,31,5.7%,12,s,s,16
09X582,Garden of Learning and Discovery Pre-K Center,100,8,8.0%,8,s,s,s
09X593,South Bronx International Middle School,55,24,43.6%,s,s,s,21
09X594,M.S. 594,232,70,30.2%,34,28,6,34
09X700,Universal Pre-K C.B.O.,1673,278,16.6%,113,80,33,158
10X003,P.S. 3 Raul Julia Micro Society,329,24,7.3%,14,s,s,10
10X007,Milton Fein School,714,145,20.3%,32,s,s,113
10X008,P.S. 008 Isaac Varian,977,164,16.8%,64,52,12,95
10X009,P.S. 9 Ryer Avenue Elementary School,884,271,30.7%,65,52,13,203
10X015,P.S. X015 Institute for Environmental Learning,480,56,11.7%,11,s,s,44
10X020,"PS/MS 20 P.O.George J. Werdann, III",1008,197,19.5%,48,26,22,146
10X023,P.S. 023 The New Children's School,468,133,28.4%,75,s,s,56
10X024,P.S. 024 Spuyten Duyvil,851,30,3.5%,7,s,s,21
10X032,P.S. 032 Belmont,800,175,21.9%,65,52,13,102
10X033,P.S. 033 Timothy Dwight,919,80,8.7%,52,41,11,21
10X037,P.S. X037 - Multiple Intelligence School,667,161,24.1%,28,21,7,133
10X045,Thomas C. Giordano Middle School 45,757,124,16.4%,32,22,10,89
10X046,P.S. 046 Edgar Allan Poe,895,248,27.7%,56,s,s,184
10X051,P.S. 051 Bronx New School,211,21,10.0%,9,s,s,12
10X054,P.S./I.S. 54,494,114,23.1%,23,s,s,84
10X056,P.S. 056 Norwood Heights,685,141,20.6%,17,7,10,122
10X059,P.S. 059 The Community School of Technology,543,116,21.4%,49,42,7,66
10X077,Bedford Park Elementary School,461,105,22.8%,16,s,s,77
10X080,J.H.S. 080 The Mosholu Parkway,691,181,26.2%,30,23,7,150
10X081,P.S. 081 Robert J. Christen,810,41,5.1%,s,s,s,35
10X085,P.S. 085 Great Expectations,994,199,20.0%,132,111,21,60
10X086,P.S. 086 Kingsbridge Heights,1674,417,24.9%,43,32,11,370
10X091,P.S. 091 Bronx,682,253,37.1%,74,54,20,172
10X094,P.S. 094 Kings College School,1257,228,18.1%,36,s,s,191
10X095,P.S. 095 Sheila Mencher,1275,301,23.6%,48,23,25,252
10X118,J.H.S. 118 William W. Niles,1125,202,18.0%,77,58,19,119
10X141,Riverdale / Kingsbridge Academy (Middle School / H,1527,113,7.4%,16,s,s,94
10X159,P.S. 159 Luis Munoz Marin Biling,197,34,17.3%,s,s,s,30
10X205,P.S. 205 Fiorello LaGuardia,974,132,13.6%,66,52,14,66
10X206,I.S. 206 Ann Mersereau,251,69,27.5%,29,23,6,39
10X207,P.S. 207,354,90,25.4%,24,s,s,64
10X209,P.S. 209,285,79,27.7%,10,s,s,69
10X213,Bronx Engineering and Technology Academy,398,50,12.6%,16,8,8,26
10X225,Theatre Arts Production Company School,539,61,11.3%,27,11,16,31
10X226,P.S. 226,462,115,24.9%,11,s,s,98
10X228,Jonas Bronck Academy,271,21,7.7%,s,s,s,19
10X237,"The Marie Curie School for Medicine, Nursing, and",468,62,13.2%,28,16,12,30
10X243,West Bronx Academy for the Future,604,79,13.1%,22,9,13,53
10X244,The New School for Leadership and Journalism,758,146,19.3%,9,s,s,130
10X246,P.S. 246 Poe Center,715,158,22.1%,22,16,6,135
10X254,I.S. 254,534,114,21.3%,29,23,6,84
10X264,Bronx Academy for Software Engineering (BASE),411,44,10.7%,15,8,7,29
10X268,Kingsbridge International High School,479,152,31.7%,19,s,s,130
10X279,"P.S. 279 Captain Manuel Rivera, Jr.",1075,350,32.6%,65,46,19,282
10X280,P.S./M.S. 280 Mosholu Parkway,862,163,18.9%,14,6,8,136
10X284,Bronx School of Law and Finance,389,68,17.5%,23,14,9,41
10X291,P.S. 291,646,134,20.7%,31,22,9,102
10X306,P.S. 306,683,155,22.7%,52,39,13,99
10X307,Luisa Pineiro Fuentes School of Science and Discov,347,75,21.6%,s,s,s,71
10X308,Bronx Dance Academy School,272,41,15.1%,18,s,s,22
10X310,P.S. 310 Marble Hill,691,202,29.2%,20,s,s,182
10X315,P.S. 315 Lab School,239,28,11.7%,s,s,s,23
10X319,Providing Urban Learners Success In Education High,281,40,14.2%,29,15,14,6
10X331,The Bronx School of Young Leaders,454,50,11.0%,18,s,s,29
10X340,P.S. 340,621,187,30.1%,35,27,8,152
10X342,International School for Liberal Arts,552,179,32.4%,22,s,s,156
10X344,Ampark Neighborhood,378,27,7.1%,s,s,s,23
10X351,Bronx Collaborative High School,571,72,12.6%,28,12,16,38
10X353,World View High School,546,73,13.4%,12,s,s,60
10X360,P.S. 360,457,76,16.6%,11,s,s,65
10X363,Academy For Personal Leadership And Excellence,594,106,17.8%,16,9,7,89
10X368,In-Tech Academy (M.S. / High School 368),1044,132,12.6%,14,7,7,116
10X374,Knowledge and Power Preparatory Academy Internatio,462,44,9.5%,16,s,s,28
10X382,"Elementary School for Math, Science, and Technolog",302,75,24.8%,22,15,7,51
10X386,School for Environmental Citizenship,612,189,30.9%,28,s,s,160
10X390,M.S. 390,561,164,29.2%,30,19,11,132
10X391,The Angelo Patri Middle School,505,131,25.9%,51,35,16,79
10X396,P.S. 396,321,85,26.5%,39,s,s,46
10X397,English Language Learners and International Suppor,352,144,40.9%,20,s,s,119
10X433,High School for Teaching and the Professions,417,56,13.4%,14,s,s,39
10X434,Belmont Preparatory High School,391,22,5.6%,7,s,s,14
10X438,Fordham Leadership Academy,343,33,9.6%,18,12,6,15
10X439,Bronx High School for Law and Community Service,407,42,10.3%,13,s,s,23
10X440,DeWitt Clinton High School,1070,137,12.8%,42,25,17,88
10X442,"Celia Cruz Bronx High School of Music, The",423,28,6.6%,14,7,7,14
10X444,Home Schooling,234,26,11.1%,12,s,s,14
10X445,The Bronx High School of Science,3014,6,0.2%,s,s,s,s
10X447,Creston Academy,474,95,20.0%,7,s,s,88
10X459,East Fordham Academy for the Arts,313,82,26.2%,16,9,7,63
10X477,Marble Hill High School for International Studies,449,47,10.5%,s,s,s,39
10X503,Walton Yabc,242,32,13.2%,6,s,s,24
10X504,Kennedy Yabc,134,18,13.4%,8,s,s,7
10X524,Crotona International High School,365,130,35.6%,22,s,s,100
10X535,Rose Hill Pre-K Center,421,105,24.9%,26,s,s,76
10X546,Bronx Theatre High School,361,56,15.5%,32,19,13,24
10X549,Discovery High School,486,78,16.0%,19,s,s,51
10X565,High School for Energy and Technology,410,63,15.4%,23,10,13,38
10X668,Dewitt Clinton Campus YABC,113,17,15.0%,12,6,6,s
10X700,Universal Pre-K C.B.O.,2495,271,10.9%,72,61,11,190
11X016,P.S. 016 Wakefield,355,53,14.9%,28,s,s,25
11X019,P.S. 019 Judith K. Weiss,556,28,5.0%,s,s,s,26
11X021,P.S. 021 Philip H. Sheridan,685,146,21.3%,58,39,19,71
11X041,P.S. 041 Gun Hill Road,886,150,16.9%,62,48,14,77
11X068,P.S. 068 Bronx,673,69,10.3%,29,s,s,39
11X076,P.S. 076 The Bennington School,946,120,12.7%,45,s,s,72
11X078,P.S. 078 Anne Hutchinson,857,91,10.6%,56,38,18,30
11X083,P.S. 083 Donald Hertz,1717,155,9.0%,34,25,9,115
11X087,P.S. 087 Bronx,615,73,11.9%,20,s,s,53
11X089,P.S. 089 Bronx,1595,157,9.8%,52,s,s,104
11X096,P.S. 096 Richard Rodgers,920,117,12.7%,35,27,8,74
11X097,P.S. 097 Bronx,627,46,7.3%,13,s,s,24
11X103,P.S. 103 Hector Fontanez,1067,106,9.9%,58,36,22,38
11X105,P.S. 105 Sen Abraham Bernstein,1078,177,16.4%,33,25,8,143
11X106,P.S. 106 Parkchester,1152,185,16.1%,33,26,7,150
11X108,P.S. 108 Philip J. Abinanti,611,38,6.2%,6,s,s,31
11X111,P.S. 111 Seton Falls,665,116,17.4%,37,28,9,67
11X112,P.S. 112 Bronxwood,442,94,21.3%,42,s,s,44
11X121,P.S. 121 Throop,867,91,10.5%,40,28,12,44
11X127,J.H.S. 127 The Castle Hill,895,165,18.4%,26,s,s,137
11X144,J.H.S. 144 Michelangelo,504,79,15.7%,35,28,7,38
11X153,P.S. 153 Helen Keller,635,31,4.9%,10,s,s,20
11X160,P.S. 160 Walt Disney,393,43,10.9%,6,s,s,32
11X169,Baychester Academy,450,51,11.3%,34,24,10,17
11X175,P.S. 175 City Island,326,6,1.8%,s,s,s,s
11X178,P.S. 178 - Dr. Selman Waksman,434,78,18.0%,38,31,7,39
11X180,M.S. 180 Dr. Daniel Hale Williams,1032,40,3.9%,8,s,s,32
11X181,I.S. 181 Pablo Casals,905,74,8.2%,19,13,6,50
11X189,Cornerstone Academy for Social Action,406,67,16.5%,21,14,7,36
11X194,P.S./M.S. 194,1343,149,11.1%,23,16,7,122
11X249,Bronx Health Sciences High School,299,29,9.7%,10,s,s,18
11X253,Bronx High School for Writing and Communication Ar,345,50,14.5%,17,11,6,30
11X265,Bronx Lab School,373,39,10.5%,25,16,9,10
11X270,Academy for Scholarship and Entrepreneurship: A Co,364,43,11.8%,17,s,s,22
11X275,High School of Computers and Technology,542,67,12.4%,22,16,6,40
11X287,North Bronx School of Empowerment,591,105,17.8%,49,28,21,46
11X288,Collegiate Institute for Math and Science,616,18,2.9%,s,s,s,13
11X290,Bronx Academy of Health Careers,382,79,20.7%,38,19,19,34
11X299,Astor Collegiate Academy,493,21,4.3%,10,s,s,10
11X326,Bronx Green Middle School,421,65,15.4%,13,s,s,52
11X355,Bronx Alliance Middle School,322,55,17.1%,22,10,12,28
11X357,Young Voices Academy of the Bronx,442,89,20.1%,7,s,s,82
11X370,Leaders of Tomorrow,455,65,14.3%,37,26,11,27
11X417,C Columbus Hs Yabc,216,26,12.0%,7,s,s,17
11X418,Bronx High School for the Visual Arts,456,49,10.7%,20,11,9,25
11X444,Home Schooling,325,20,6.2%,15,s,s,s
11X455,Harry S Truman High School,2134,233,10.9%,83,60,23,141
11X462,Cornerstone Academy for Social Action Middle Schoo,270,35,13.0%,15,8,7,16
11X468,Pelham Academy of Academics and Community Engageme,364,46,12.6%,10,s,s,34
11X481,The STEAM Bridge School,219,15,6.8%,8,s,s,7
11X483,The Matilda Avenue School,173,44,25.4%,26,s,s,18
11X498,P.S./M.S. 11X498 - VAN NEST ACADEMY,651,32,4.9%,s,s,s,26
11X508,Bronxdale High School,470,29,6.2%,12,s,s,15
11X509,High School of Language and Innovation,390,92,23.6%,s,s,s,87
11X513,New World High School,387,28,7.2%,12,s,s,15
11X514,The Bronxwood Preparatory Academy,387,46,11.9%,23,13,10,22
11X529,One World Middle School at Edenwald,346,25,7.2%,s,s,s,18
11X532,Baychester Middle School,300,45,15.0%,17,11,6,27
11X534,District 11 Pre-K Center,85,11,12.9%,s,s,s,6
11X542,Pelham Preparatory Academy,509,33,6.5%,10,s,s,20
11X544,High School for Contemporary Arts,432,61,14.1%,27,16,11,30
11X545,Bronx Aerospace High School,323,61,18.9%,29,15,14,29
11X556,Bronx Park Middle School,427,95,22.2%,22,12,10,69
11X566,Pelham Gardens Middle School,486,41,8.4%,24,13,11,17
11X567,Linden Tree Elementary School,401,78,19.5%,38,s,s,39
11X700,Universal Pre-K C.B.O.,2374,146,6.1%,37,31,6,106
12X006,P.S. 006 West Farms,559,165,29.5%,91,78,13,70
12X044,P.S. 044 David C. Farragut,306,110,35.9%,81,74,7,28
12X047,P.S. 047 John Randolph,1114,66,5.9%,45,36,9,19
12X057,P.S. 057 Crescent,606,109,18.0%,48,33,15,61
12X061,P.S. 061 Francisco Oller,313,73,23.3%,16,s,s,57
12X066,P.S. 066 School of Higher Expectations,619,168,27.1%,106,66,40,60
12X067,P.S. 067 Mohegan School,528,82,15.5%,58,51,7,22
12X098,J.H.S. 098 Herman Ridder,309,69,22.3%,41,24,17,23
12X129,M.S. 129 Academy for Independent Learning and Lead,554,100,18.1%,63,49,14,37
12X134,P.S. 134 George F. Bristow,661,102,15.4%,67,50,17,28
12X150,P.S. 150 Charles James Fox,825,208,25.2%,99,81,18,107
12X190,E.S.M.T- I.S. 190,293,43,14.7%,19,10,9,23
12X195,P.S. 195,919,198,21.5%,48,41,7,147
12X196,P.S. 196,902,155,17.2%,57,40,17,97
12X211,P.S. 211,585,75,12.8%,36,s,s,39
12X212,P.S. 212,202,69,34.2%,29,22,7,29
12X214,P.S. 214,1165,200,17.2%,111,86,25,85
12X217,School of Performing Arts,360,86,23.9%,47,31,16,39
12X242,Mott Hall V,676,45,6.7%,18,s,s,27
12X248,"Metropolitan High School, The",358,77,21.5%,32,21,11,36
12X251,Explorations Academy H.S.,353,61,17.3%,28,18,10,27
12X267,Bronx Latin,583,25,4.3%,13,s,s,9
12X271,East Bronx Academy for the Future,697,100,14.3%,43,29,14,52
12X273,Frederick Douglass Academy V. Middle School,220,43,19.5%,24,13,11,17
12X286,Fannie Lou Hamer Middle School,284,65,22.9%,40,25,15,23
12X300,The School of Science and Applied Learning,640,167,26.1%,112,93,19,49
12X314,Fairmont Neighborhood School,312,51,16.3%,27,19,8,22
12X316,Kappa III,388,45,11.6%,17,9,8,25
12X318,"I.S. X318 Math, Science & Technology Through Arts",255,39,15.3%,25,s,s,13
12X341,Accion Academy,418,101,24.2%,38,27,11,58
12X383,Emolior Academy,334,52,15.6%,21,12,9,31
12X388,Pan American International High School at Monroe,533,142,26.6%,28,21,7,103
12X428,Learning To Work Yabc At Monroe Academy,231,27,11.7%,12,s,s,12
12X444,Home Schooling,114,16,14.0%,8,s,s,6
12X446,Arturo A. Schomburg Satellite Academy Bronx,198,18,9.1%,8,s,s,10
12X458,Samara Community School,248,34,13.7%,9,s,s,24
12X463,Urban Scholars Community School,329,84,25.5%,43,35,8,34
12X478,The Cinema School,313,21,6.7%,s,s,s,16
12X479,Bronx Career and College Preparatory High School,267,38,14.2%,23,17,6,12
12X480,Bronx Regional High School,208,50,24.0%,22,9,13,20
12X511,Bronx Envision Academy,425,73,17.2%,42,26,16,25
12X521,The Metropolitan Soundview High School,424,48,11.3%,19,9,10,25
12X531,Archer Elementary School,506,122,24.1%,34,22,12,82
12X536,P.S. 536,436,57,13.1%,15,s,s,41
12X550,High School of World Cultures,464,90,19.4%,22,s,s,67
12X595,P.S. 595,165,51,30.9%,22,s,s,27
12X682,Fannie Lou Hamer Freedom High School,471,60,12.7%,29,17,12,29
12X684,Wings Academy,464,68,14.7%,41,26,15,24
12X691,Bronx Little School,333,73,21.9%,16,s,s,54
12X700,Universal Pre-K C.B.O.,614,73,11.9%,24,s,s,47
13K003,P.S. 003 The Bedford Village,389,113,29.0%,38,27,11,75
13K008,P.S. 008 Robert Fulton,931,13,1.4%,s,s,s,11
13K009,P.S. 009 Teunis G. Bergen,957,38,4.0%,14,8,6,24
13K011,P.S. 011 Purvis J. Behan,909,57,6.3%,10,s,s,45
13K020,P.S. 020 Clinton Hill,499,37,7.4%,9,s,s,25
13K044,P.S. 044 Marcus Garvey,126,22,17.5%,9,s,s,10
13K046,P.S. 046 Edward C. Blum,280,38,13.6%,13,s,s,24
13K054,P.S. 054 Samuel C. Barnes,237,19,8.0%,13,s,s,s
13K056,P.S. 056 Lewis H. Latimer,282,36,12.8%,12,s,s,22
13K067,P.S. 067 Charles A. Dorsey,232,47,20.3%,28,21,7,17
13K093,P.S. 093 William H. Prescott,245,35,14.3%,21,s,s,13
13K113,M.S. 113 Ronald Edmonds Learning Center,349,49,14.0%,20,12,8,23
13K133,P.S. 133 William A. Butler,758,41,5.4%,17,9,8,23
13K256,P.S. 256 Benjamin Banneker,244,46,18.9%,26,15,11,17
13K265,Dr. Susan S. McKinney Secondary School of the Arts,324,30,9.3%,15,9,6,10
13K266,M.S. K266 - Park Place Community Middle School,157,20,12.7%,12,s,s,8
13K270,P.S. 270 Johann DeKalb,121,14,11.6%,7,s,s,s
13K282,P.S. 282 Park Slope,659,34,5.2%,20,s,s,12
13K287,P.S. 287 Bailey K. Ashford,151,13,8.6%,10,s,s,s
13K301,Satellite East Middle School,102,17,16.7%,6,s,s,11
13K305,P.S. 305 Dr. Peter Ray,151,31,20.5%,12,s,s,16
13K307,P.S. 307 Daniel Hale Williams,383,63,16.4%,26,18,8,34
13K313,Dock Street School for STEAM Studies,274,21,7.7%,8,s,s,11
13K350,Urban Assembly School for Music and Art,200,24,12.0%,13,6,7,7
13K351,The Urban Assembly Unison School,166,24,14.5%,13,s,s,10
13K412,Brooklyn Community Arts & Media High School (BCAM),417,39,9.4%,27,12,15,9
13K419,"Science Skills Center High School for Science, Tec",587,59,10.1%,19,11,8,34
13K430,Brooklyn Technical High School,5911,156,2.6%,s,s,s,108
13K439,Brooklyn International High School,369,50,13.6%,s,s,s,45
13K483,The Urban Assembly School for Law and Justice,433,18,4.2%,11,s,s,6
13K499,ACORN Community High School,142,19,13.4%,7,s,s,9
13K527,Urban Assembly Institute of Math and Science for Y,514,45,8.8%,24,14,10,16
13K553,Brooklyn Academy High School,222,23,10.4%,11,s,s,s
13K594,Gotham Professional Arts Academy,170,24,14.1%,13,7,6,8
13K595,Bedford Academy High School,364,14,3.8%,7,s,s,6
13K605,George Westinghouse Career and Technical Education,794,43,5.4%,20,s,s,17
13K616,Brooklyn High School for Leadership and Community,211,32,15.2%,21,13,8,6
13K657,Downtown Brooklyn Yabc,237,26,11.0%,13,6,7,9
13K670,Benjamin Banneker Academy,805,42,5.2%,12,s,s,27
13K674,"City Polytechnic High School of Engineering, Archi",422,19,4.5%,11,s,s,7
13K691,Fort Greene Preparatory Academy,225,35,15.6%,20,10,10,12
13K700,Universal Pre-K C.B.O.,511,31,6.1%,13,s,s,18
14K016,P.S. 016 Leonard Dunkly,240,49,20.4%,21,s,s,24
14K017,P.S. 017 Henry D. Woodworth,322,34,10.6%,11,s,s,23
14K018,P.S. 018 Edward Bush,200,35,17.5%,s,s,s,31
14K023,P.S. 023 Carter G. Woodson,307,91,29.6%,30,19,11,58
14K031,P.S. 031 Samuel F. Dupont,635,188,29.6%,11,s,s,177
14K034,P.S. 034 Oliver H. Perry,480,9,1.9%,s,s,s,s
14K050,J.H.S. 050 John D. Wells,331,44,13.3%,20,14,6,21
14K059,P.S. 059 William Floyd,350,64,18.3%,40,33,7,24
14K071,Juan Morel Campos Secondary School,514,91,17.7%,30,21,9,52
14K084,P.S. 084 Jose De Diego,798,85,10.7%,17,s,s,68
14K120,P.S. 120 Carlos Tapia,395,115,29.1%,30,s,s,85
14K126,John Ericsson Middle School 126,365,42,11.5%,10,s,s,31
14K132,P.S. 132 The Conselyea School,758,27,3.6%,16,s,s,11
14K147,P.S. 147 Isaac Remsen,368,51,13.9%,16,s,s,34
14K157,P.S./I.S. 157 The Benjamin Franklin Health & Scien,417,16,3.8%,9,s,s,s
14K196,P.S. 196 Ten Eyck,352,82,23.3%,18,s,s,64
14K250,P.S. 250 George H. Lindsay,458,71,15.5%,10,s,s,61
14K257,P.S. 257 John F. Hylan,611,48,7.9%,21,s,s,24
14K297,P.S. 297 Abraham Stockton,209,62,29.7%,23,s,s,37
14K318,I.S. 318 Eugenio Maria De Hostos,1211,62,5.1%,23,11,12,39
14K380,P.S. 380 John Wayne Elementary,589,58,9.8%,10,s,s,44
14K414,Brooklyn Arbor Elementary School,619,24,3.9%,11,s,s,13
14K449,"Brooklyn Latin School, The",698,15,2.1%,s,s,s,11
14K454,The Williamsburg High School of Art and Technology,309,44,14.2%,19,9,10,22
14K474,PROGRESS High School for Professional Careers,702,85,12.1%,37,24,13,42
14K477,East Williamsburg Scholars Academy,333,67,20.1%,20,11,9,43
14K478,"The High School for Enterprise, Business and Techn",848,55,6.5%,32,20,12,23
14K488,Brooklyn Preparatory High School,541,42,7.8%,18,10,8,22
14K558,Williamsburg High School for Architecture and Desi,579,27,4.7%,6,s,s,20
14K561,Williamsburg Preparatory School,684,26,3.8%,9,s,s,16
14K577,Conselyea Preparatory School,499,17,3.4%,s,s,s,12
14K582,M.S. 582,308,66,21.4%,22,s,s,44
14K586,Lyons Community School,485,55,11.3%,25,17,8,28
14K610,Automotive High School,319,25,7.8%,14,7,7,11
14K614,Young Women's Leadership School of Brooklyn,387,34,8.8%,16,8,8,14
14K685,El Puente Academy for Peace and Justice,225,30,13.3%,11,s,s,18
14K700,Universal Pre-K C.B.O.,545,43,7.9%,12,s,s,28
14K923,Automotive High School Yabc,168,14,8.3%,6,s,s,s
15K001,P.S. 001 The Bergen,1229,53,4.3%,27,15,12,25
15K010,"Magnet School of Math, Science and Design Technolo",966,25,2.6%,s,s,s,18
15K015,P.S. 015 Patrick F. Daly,496,62,12.5%,22,s,s,38
15K024,P.S. 024,622,79,12.7%,19,s,s,59
15K032,P.S. 032 Samuel Mills Sprole,506,57,11.3%,30,20,10,26
15K038,P.S. 038 The Pacific,616,38,6.2%,18,12,6,17
15K051,M.S. 51 William Alexander,1144,30,2.6%,s,s,s,25
15K058,P.S. 058 The Carroll,1018,8,0.8%,s,s,s,s
15K088,J.H.S. 088 Peter Rouget,1471,34,2.3%,18,s,s,15
15K094,P.S. 094 The Henry Longfellow,1334,63,4.7%,s,s,s,58
15K124,P.S. 124 Silas B. Dutcher,309,28,9.1%,7,s,s,20
15K130,P.S. 130 The Parkside,845,44,5.2%,10,s,s,33
15K131,P.S. 131 Brooklyn,951,81,8.5%,s,s,s,78
15K136,I.S. 136 Charles O. Dewey,538,37,6.9%,18,s,s,18
15K169,P.S. 169 Sunset Park,1444,112,7.8%,7,s,s,92
15K172,P.S. 172 Beacon School of Excellence,588,10,1.7%,s,s,s,8
15K230,P.S. 230 Doris L. Cohen,1134,218,19.2%,18,s,s,200
15K261,P.S. 261 Philip Livingston,801,34,4.2%,12,s,s,19
15K295,P.S. 295,436,17,3.9%,10,s,s,7
15K423,Brooklyn Frontiers High School,182,27,14.8%,15,s,s,10
15K429,Digital Arts and Cinema Technology High School,244,10,4.1%,s,s,s,6
15K442,M.S. 442 Carroll Gardens School for Innovation,309,6,1.9%,s,s,s,s
15K443,New Voices School of Academic & Creative Arts,580,11,1.9%,s,s,s,8
15K448,Brooklyn Collaborative Studies,673,39,5.8%,13,6,7,21
15K462,John Jay School for Law,439,34,7.7%,15,s,s,14
15K463,Secondary School for Journalism,263,29,11.0%,14,7,7,11
15K464,Park Slope Collegiate,686,42,6.1%,16,10,6,24
15K497,The Boerum Hill School for International Studies,722,46,6.4%,20,12,8,26
15K516,Sunset Park Avenues Elementary School,504,44,8.7%,7,s,s,37
15K519,Cobble Hill School of American Studies,574,78,13.6%,39,23,16,32
15K529,West Brooklyn Community High School,278,11,4.0%,s,s,s,9
15K592,Khalil Gibran International Academy,237,10,4.2%,s,s,s,s
15K656,Brooklyn High School of the Arts,931,44,4.7%,25,16,9,17
15K667,Sunset Park High School,1226,83,6.8%,24,14,10,54
15K676,Red Hook Neighborhood School,136,33,24.3%,16,10,6,17
15K684,Millennium Brooklyn HS,678,9,1.3%,s,s,s,s
15K698,South Brooklyn Community High School,203,18,8.9%,s,s,s,7
15K700,Universal Pre-K C.B.O.,1118,30,2.7%,9,s,s,18
15K767,The Little Brooklyn Pre-K Center,166,8,4.8%,s,s,s,s
15K821,Sunset Park Prep,537,34,6.3%,12,s,s,22
15K839,M.S. 839,346,16,4.6%,s,s,s,14
15K863,Pre-K Center at Bishop Ford School Site,473,9,1.9%,s,s,s,s
16K005,P.S. 005 Dr. Ronald Mcnair,236,74,31.4%,42,35,7,31
16K021,P.S. 021 Crispus Attucks,587,76,12.9%,37,s,s,38
16K025,P.S. 025 Eubie Blake School,84,16,19.0%,10,s,s,6
16K026,P.S. 026 Jesse Owens,273,48,17.6%,35,s,s,11
16K028,P.S. 028 The Warren Prep Academy,129,26,20.2%,16,s,s,9
16K035,M.S. 035 Stephen Decatur,244,34,13.9%,17,s,s,15
16K040,P.S. 040 George W. Carver,376,86,22.9%,51,38,13,34
16K057,J.H.S. 057 Whitelaw Reid,164,37,22.6%,27,15,12,10
16K081,P.S. 081 Thaddeus Stevens,320,91,28.4%,58,46,12,32
16K243,P.S. 243K- The Weeksville School,265,42,15.8%,23,15,8,14
16K262,P.S. 262 El Hajj Malik El Shabazz Elementary Schoo,185,38,20.5%,25,s,s,13
16K267,"M.S. 267 Math, Science & Technology",249,40,16.1%,25,14,11,13
16K308,P.S. 308 Clara Cardwell,254,68,26.8%,29,15,14,36
16K309,P.S. 309 The George E. Wibecan Preparatory Academy,228,53,23.2%,29,s,s,22
16K335,P.S. 335 Granville T. Woods,239,55,23.0%,33,20,13,20
16K444,Home Schooling,75,9,12.0%,6,s,s,s
16K455,Boys and Girls High School,451,58,12.9%,39,25,14,13
16K498,Brooklyn High School for Law and Technology,587,57,9.7%,39,26,13,12
16K627,Brighter Choice Community School,333,58,17.4%,36,25,11,22
16K628,Brooklyn Brownstone School,289,16,5.5%,s,s,s,12
16K669,Research and Service High School,294,33,11.2%,20,9,11,7
16K681,Madiba Prep Middle School,187,41,21.9%,22,s,s,17
16K688,The Brooklyn Academy of Global Finance,114,15,13.2%,9,s,s,6
16K700,Universal Pre-K C.B.O.,466,52,11.2%,29,23,6,21
16K765,Nelson Mandela High School,237,31,13.1%,20,13,7,8
16K959,BOYS AND GIRLS YABC,286,30,10.5%,17,9,8,8
17K002,Parkside Preparatory Academy,490,72,14.7%,19,11,8,41
17K006,Norma Adams Clemons Academy,686,74,10.8%,57,42,15,12
17K012,Dr. Jacqueline Peek-Davis School,281,50,17.8%,21,15,6,28
17K061,M.S. 061 Dr. Gladstone H. Atwell,679,82,12.1%,38,23,15,41
17K091,P.S. 091 The Albany Avenue School,268,40,14.9%,26,16,10,14
17K092,P.S. 092 Adrian Hegeman,446,83,18.6%,39,29,10,43
17K122,Pathways in Technology Early College High School (,604,42,7.0%,21,10,11,19
17K138,P.S. 138 Brooklyn,561,96,17.1%,56,44,12,40
17K161,P.S. 161 The Crown,396,95,24.0%,59,s,s,35
17K181,P.S. 181 Brooklyn,663,56,8.4%,40,s,s,15
17K189,P.S. 189 The Bilingual Center,1109,169,15.2%,70,50,20,77
17K191,P.S. 191 Paul Robeson,180,66,36.7%,42,s,s,22
17K221,P.S. 221 Toussaint L'Ouverture,285,42,14.7%,17,s,s,24
17K241,P.S. 241 Emma L. Johnston,495,124,25.1%,23,s,s,100
17K246,M.S. 246 Walt Whitman,449,116,25.8%,43,36,7,73
17K249,P.S. 249 The Caton,876,82,9.4%,24,18,6,54
17K289,P.S. 289 George V. Brower,370,77,20.8%,36,28,8,38
17K316,P.S. 316 Elijah Stroud,583,37,6.3%,16,s,s,19
17K340,I.S. 340,202,13,6.4%,s,s,s,8
17K352,Ebbets Field Middle School,158,33,20.9%,11,s,s,20
17K353,Elijah Stroud Middle School,184,29,15.8%,15,s,s,11
17K354,The School of Integrated Learning,315,37,11.7%,14,s,s,19
17K375,P.S. 375 Jackie Robinson School,362,67,18.5%,18,11,7,47
17K382,Academy for College Preparation and Career Explora,398,77,19.3%,29,s,s,46
17K394,M.S. K394,407,70,17.2%,41,34,7,28
17K397,P.S. 397 Foster-Laurie,196,10,5.1%,s,s,s,s
17K398,P.S. 398 Walter Weaver,296,144,48.6%,42,s,s,101
17K399,P.S. 399 Stanley Eugene Clark,363,99,27.3%,83,s,s,16
17K408,Academy of Hospitality and Tourism,218,34,15.6%,24,s,s,9
17K444,Home Schooling,194,18,9.3%,14,s,s,s
17K467,Erasmus Yabc,141,15,10.6%,7,s,s,8
17K484,Ronald Edmonds Learning Center II,174,42,24.1%,24,13,11,16
17K524,International High School at Prospect Heights,399,63,15.8%,14,s,s,40
17K528,The High School for Global Citizenship,232,35,15.1%,11,s,s,20
17K531,"School for Human Rights, The",371,31,8.4%,12,s,s,16
17K532,New Bridges Elementary,458,97,21.2%,24,18,6,70
17K537,High School for Youth and Community Development at,471,64,13.6%,24,12,12,33
17K539,High School for Service & Learning at Erasmus,332,30,9.0%,7,s,s,19
17K543,"Science, Technology and Research Early College Hig",583,26,4.5%,11,s,s,12
17K546,High School for Public Service: Heroes of Tomorrow,464,34,7.3%,16,9,7,14
17K547,Brooklyn Academy of Science and the Environment,380,34,8.9%,12,s,s,22
17K548,Brooklyn School for Music & Theatre,295,38,12.9%,23,s,s,12
17K568,Brownsville Academy High School,143,13,9.1%,8,s,s,s
17K590,Medgar Evers College Preparatory School,1315,69,5.2%,22,10,12,39
17K600,Clara Barton High School,1182,98,8.3%,33,25,8,62
17K646,Aspirations Diploma Plus High School,224,25,11.2%,17,8,9,s
17K700,Universal Pre-K C.B.O.,1371,74,5.4%,39,28,11,34
17K705,Brooklyn Arts and Science Elementary School,369,48,13.0%,19,13,6,26
17K722,New Heights Middle School,279,50,17.9%,22,16,6,26
17K745,Brooklyn Institute for Liberal Arts,438,41,9.4%,11,s,s,26
17K751,Academy for Health Careers,304,39,12.8%,16,9,7,21
17K770,P.S. 770 New American Academy,327,20,6.1%,10,s,s,9
18K066,P.S. 66,813,33,4.1%,15,6,9,17
18K068,I.S. 068 Isaac Bildersee,298,39,13.1%,12,s,s,22
18K114,P.S. 114 Ryder Elementary,569,117,20.6%,52,38,14,59
18K115,P.S. 115 Daniel Mucatel School,940,81,8.6%,19,s,s,60
18K135,P.S. 135 Sheldon A. Brookner,526,57,10.8%,24,s,s,30
18K208,P.S. 208 Elsa Ebeling,384,42,10.9%,15,8,7,25
18K211,I.S. 211 John Wilson,456,55,12.1%,24,12,12,27
18K219,P.S. 219 Kennedy-King,449,61,13.6%,34,22,12,22
18K233,P.S. 233 Langston Hughes,449,37,8.2%,27,21,6,8
18K235,P.S. 235 Janice Marie Knight School,1231,27,2.2%,12,s,s,14
18K244,P.S. 244 Richard R. Green,511,58,11.4%,28,s,s,26
18K268,P.S. 268 Emma Lazarus,367,45,12.3%,32,25,7,11
18K272,P.S. 272 Curtis Estabrook,483,136,28.2%,37,24,13,89
18K276,P.S. 276 Louis Marshall,625,45,7.2%,18,8,10,22
18K279,P.S. 279 Herman Schreiber,408,54,13.2%,21,12,9,32
18K285,I.S. 285 Meyer Levin,751,101,13.4%,30,s,s,62
18K366,The Science And Medicine Middle School,405,44,10.9%,15,8,7,20
18K444,Home Schooling,126,6,4.8%,s,s,s,s
18K563,It Takes a Village Academy,699,59,8.4%,21,10,11,33
18K566,Brooklyn Generation School,201,24,11.9%,6,s,s,12
18K567,Brooklyn Theatre Arts High School,360,28,7.8%,15,6,9,12
18K569,Kurt Hahn Expeditionary Learning School,308,31,10.1%,10,s,s,17
18K576,Victory Collegiate High School,331,28,8.5%,14,s,s,12
18K578,Brooklyn Bridge Academy,227,20,8.8%,11,s,s,8
18K581,East Flatbush Community Research School,296,43,14.5%,20,13,7,14
18K588,Middle School for Art and Philosophy,179,19,10.6%,12,s,s,s
18K617,High School for Innovation in Advertising and Medi,245,16,6.5%,6,s,s,10
18K629,Cultural Academy for the Arts and Sciences,305,28,9.2%,17,11,6,11
18K633,High School for Medical Professions,474,35,7.4%,13,s,s,22
18K635,Olympus Academy,207,10,4.8%,s,s,s,s
18K637,Academy for Conservation and the Environment,318,38,11.9%,15,s,s,20
18K642,Urban Action Academy,273,27,9.9%,9,s,s,18
18K673,East Brooklyn Community High School,238,24,10.1%,9,s,s,13
18K700,Universal Pre-K C.B.O.,745,20,2.7%,11,s,s,9
18K763,Brooklyn Science and Engineering Academy,323,12,3.7%,s,s,s,7
18K922,South Shore Educational Complex Yabc,183,15,8.2%,6,s,s,9
19K007,P.S. 007 Abraham Lincoln,889,51,5.7%,31,23,8,17
19K013,P.S. 013 Roberto Clemente,461,114,24.7%,75,65,10,33
19K065,P.S. 065,612,180,29.4%,8,s,s,170
19K089,P.S. 089 Cypress Hills,475,31,6.5%,8,s,s,20
19K108,P.S. 108 Sal Abbracciamento,955,191,20.0%,35,s,s,156
19K149,P.S. 149 Danny Kaye,656,139,21.2%,89,70,19,49
19K158,P.S. 158 Warwick,539,65,12.1%,43,34,9,21
19K159,P.S. 159 Isaac Pitkin,788,95,12.1%,33,24,9,57
19K171,I.S. 171 Abraham Lincoln,434,75,17.3%,18,s,s,54
19K190,P.S. 190 Sheffield,203,48,23.6%,22,s,s,25
19K202,P.S. 202 Ernest S. Jenkyns,383,54,14.1%,29,20,9,21
19K213,P.S. 213 New Lots,295,62,21.0%,32,22,10,26
19K214,P.S. 214 Michael Friedsam,915,87,9.5%,21,s,s,64
19K218,J.H.S. 218 James P. Sinnott,457,85,18.6%,29,15,14,54
19K224,P.S. 224 Hale A. Woodruff,418,61,14.6%,37,25,12,24
19K273,P.S. 273 Wortman,367,65,17.7%,24,s,s,37
19K290,P.S. 290 Juan Morel Campos,497,85,17.1%,38,27,11,45
19K292,J.H.S. 292 Margaret S. Douglas,598,151,25.3%,105,72,33,40
19K306,P.S. 306 Ethan Allen,309,89,28.8%,35,25,10,50
19K325,The Fresh Creek School,194,31,16.0%,19,s,s,6
19K328,P.S. 328 Phyllis Wheatley,323,126,39.0%,116,99,17,10
19K345,P.S. 345 Patrolman Robert Bolden,567,86,15.2%,31,s,s,55
19K346,P.S. 346 Abe Stark,588,55,9.4%,10,s,s,45
19K364,I.S. 364 Gateway,341,34,10.0%,13,s,s,19
19K404,Academy for Young Writers,549,48,8.7%,27,14,13,18
19K409,East New York Family Academy,499,52,10.4%,23,10,13,25
19K422,Spring Creek Community School,540,42,7.8%,22,14,8,20
19K431,Thomas Jefferson Yabc,212,25,11.8%,15,6,9,7
19K444,Home Schooling,203,26,12.8%,19,s,s,6
19K452,Frederick Douglass Academy VIII Middle School,339,24,7.1%,10,s,s,13
19K501,Franklin K. Lane Campus YABC,238,30,12.6%,10,s,s,16
19K502,FDNY - Captain Vernon A. Richard High School for F,278,44,15.8%,25,11,14,16
19K504,High School for Civil Rights,243,55,22.6%,36,17,19,16
19K507,Performing Arts and Technology High School,395,55,13.9%,33,23,10,20
19K510,World Academy for Total Community Health High Scho,279,70,25.1%,33,25,8,34
19K557,Brooklyn Gardens Elementary School,321,114,35.5%,62,46,16,48
19K583,Multicultural High School,278,26,9.4%,s,s,s,22
19K615,Transit Tech Career and Technical Education High S,654,59,9.0%,22,11,11,33
19K618,Academy of Innovative Technology,423,11,2.6%,10,s,s,s
19K639,Brooklyn Lab School,428,44,10.3%,18,10,8,23
19K654,Van Siclen Community Middle School,338,40,11.8%,19,12,7,17
19K659,Cypress Hills Collegiate Preparatory School,307,32,10.4%,11,s,s,20
19K660,W. H. Maxwell Career and Technical Education High,384,61,15.9%,40,21,19,13
19K661,Vista Academy,491,74,15.1%,13,s,s,58
19K662,Liberty Avenue Middle School,520,93,17.9%,37,21,16,49
19K663,School of the Future Brooklyn,203,49,24.1%,25,15,10,24
19K677,East New York Elementary School of Excellence,533,85,15.9%,37,22,15,45
19K678,East New York Middle School of Excellence,275,30,10.9%,18,s,s,11
19K683,School for Classics High School,274,28,10.2%,16,8,8,10
19K700,Universal Pre-K C.B.O.,1036,98,9.5%,43,24,19,51
19K760,Highland Park Community School,349,37,10.6%,6,s,s,30
19K764,The Urban Assembly School for Collaborative Health,338,33,9.8%,14,s,s,17
20K030,P.S./I.S. 30 Mary White Ovington,1034,22,2.1%,s,s,s,21
20K048,P.S. 048 Mapleton,584,21,3.6%,s,s,s,18
20K062,J.H.S. 062 Ditmas,1249,105,8.4%,12,s,s,90
20K069,P.S. 69 Vincent D. Grippo School,807,6,0.7%,s,s,s,s
20K102,P.S. 102 The Bayview,1451,54,3.7%,s,s,s,49
20K104,P.S./I.S. 104 The Fort Hamilton School,1272,31,2.4%,s,s,s,25
20K105,P.S. 105 The Blythebourne,1468,11,0.7%,s,s,s,11
20K112,P.S. 112 Lefferts Park,709,24,3.4%,s,s,s,20
20K127,P.S. 127 Mckinley Park,532,10,1.9%,s,s,s,8
20K163,P.S. 163 Bath Beach,644,63,9.8%,s,s,s,62
20K164,P.S. 164 Caesar Rodney,699,65,9.3%,s,s,s,62
20K170,Ralph A. Fabrizio School,1045,128,12.2%,s,s,s,125
20K176,P.S. 176 Ovington,1336,65,4.9%,s,s,s,63
20K179,P.S. 179 Kensington,860,101,11.7%,s,s,s,97
20K180,The SEEALL Academy,1083,38,3.5%,s,s,s,32
20K186,P.S. 186 Dr. Irving A Gladstone,1095,23,2.1%,s,s,s,19
20K192,P.S. 192 - The Magnet School for Math and Science,654,53,8.1%,s,s,s,51
20K200,P.S. 200 Benson School,1415,42,3.0%,8,s,s,31
20K201,J.H.S. 201 The Dyker Heights,1680,31,1.8%,s,s,s,28
20K204,P.S. 204 Vince Lombardi,1137,20,1.8%,s,s,s,17
20K205,P.S. 205 Clarion,1325,58,4.4%,s,s,s,54
20K220,J.H.S. 220 John J. Pershing,1581,130,8.2%,10,s,s,118
20K223,J.H.S. 223 The Montauk,971,49,5.0%,s,s,s,46
20K227,J.H.S. 227 Edward B. Shallow,1654,100,6.0%,s,s,s,93
20K229,P.S. 229 Dyker,1286,34,2.6%,7,s,s,27
20K247,P.S. 247 Brooklyn,882,13,1.5%,s,s,s,12
20K259,J.H.S. 259 William Mckinley,1930,63,3.3%,s,s,s,59
20K264,P.S. 264 Bay Ridge Elementary School For The Arts,475,12,2.5%,s,s,s,10
20K445,New Utrecht High School,3548,304,8.6%,13,7,6,286
20K485,High School of Telecommunication Arts and Technolo,1256,42,3.3%,7,s,s,32
20K490,Fort Hamilton High School,4685,244,5.2%,13,s,s,221
20K503,P.S. 503: The School of Discovery,1005,390,38.8%,17,s,s,373
20K505,Franklin Delano Roosevelt High School,3298,343,10.4%,30,20,10,302
20K506,P.S. 506: The School of Journalism & Technology,803,83,10.3%,s,s,s,78
20K609,Urban Assembly School for Criminal Justice,552,45,8.2%,s,s,s,39
20K658,Franklin Delano Roosevelt YABC,298,21,7.0%,s,s,s,17
20K682,The Academy of Talented Scholars,399,8,2.0%,s,s,s,7
20K700,Universal Pre-K C.B.O.,2726,52,1.9%,s,s,s,50
20K748,P.S. 748 Brooklyn School for Global Scholars,543,10,1.8%,s,s,s,9
20K768,District 20 Pre-K Center,1357,26,1.9%,s,s,s,23
20K971,"School of Math, Science, and Healthy Living",345,19,5.5%,s,s,s,18
21K090,P.S. 90 Edna Cohen School,654,65,9.9%,14,s,s,41
21K095,P.S. 095 The Gravesend,1024,26,2.5%,8,s,s,15
21K096,I.S. 096 Seth Low,857,54,6.3%,16,s,s,35
21K097,P.S. 97 The Highlawn,792,29,3.7%,8,s,s,21
21K099,P.S. 099 Isaac Asimov,906,37,4.1%,s,s,s,32
21K100,P.S. 100 The Coney Island School,846,37,4.4%,s,s,s,35
21K101,P.S. 101 The Verrazano,899,11,1.2%,6,s,s,s
21K121,P.S. 121 Nelson A. Rockefeller,347,20,5.8%,s,s,s,18
21K153,P.S. 153 Homecrest,572,17,3.0%,s,s,s,13
21K177,P.S. 177 The Marlboro,1018,46,4.5%,s,s,s,43
21K188,P.S. 188 Michael E. Berdy,390,31,7.9%,13,s,s,16
21K199,P.S. 199 Frederick Wachtel,595,56,9.4%,s,s,s,52
21K209,P.S. 209 Margaret Mead,745,66,8.9%,6,s,s,60
21K212,P.S. 212 Lady Deborah Moody,753,73,9.7%,9,s,s,64
21K215,P.S. 215 Morris H. Weiss,854,20,2.3%,s,s,s,19
21K216,P.S. 216 Arturo Toscanini,786,29,3.7%,s,s,s,25
21K225,P.S. K225 - The Eileen E. Zaglin,1041,41,3.9%,7,s,s,34
21K226,P.S. 226 Alfred De B. Mason,1043,67,6.4%,s,s,s,61
21K228,I.S. 228 David A. Boody,1467,48,3.3%,8,s,s,38
21K238,P.S. 238 Anne Sullivan,642,68,10.6%,s,s,s,64
21K239,Mark Twain I.S. 239 for the Gifted & Talented,1335,15,1.1%,s,s,s,15
21K253,P.S. 253,984,64,6.5%,6,s,s,58
21K281,I.S. 281 Joseph B Cavallaro,1378,44,3.2%,8,s,s,36
21K288,P.S. 288 The Shirley Tanyhill,633,55,8.7%,43,33,10,8
21K303,I.S. 303 Herbert S. Eisenberg,592,46,7.8%,s,s,s,40
21K329,P.S. 329 Surfside,406,68,16.7%,34,24,10,32
21K337,International High School at Lafayette,368,121,32.9%,s,s,s,118
21K344,Rachel Carson High School for Coastal Studies,631,31,4.9%,s,s,s,30
21K348,High School of Sports Management,255,25,9.8%,10,s,s,15
21K410,Abraham Lincoln High School,1912,132,6.9%,41,22,19,84
21K411,Abraham Lincoln Yabc,201,17,8.5%,s,s,s,11
21K468,Kingsborough Early College School,673,31,4.6%,10,s,s,17
21K525,Edward R. Murrow High School,3629,332,9.1%,21,10,11,304
21K540,John Dewey High School,2240,156,7.0%,45,33,12,104
21K559,Life Academy High School for Film and Music,305,23,7.5%,6,s,s,16
21K572,Expeditionary Learning School for Community Leader,384,31,8.1%,8,s,s,22
21K620,William E. Grady Career and Technical Education Hi,412,46,11.2%,22,11,11,23
21K690,Brooklyn Studio Secondary School,953,18,1.9%,s,s,s,15
21K700,Universal Pre-K C.B.O.,1883,65,3.5%,6,s,s,26
21K728,Liberation Diploma Plus,238,20,8.4%,9,s,s,7
22K014,J.H.S. 014 Shell Bank,564,81,14.4%,24,18,6,56
22K052,P.S. 052 Sheepshead Bay,859,44,5.1%,26,s,s,18
22K078,J.H.S. 078 Roy H. Mann,580,60,10.3%,10,s,s,47
22K109,P.S. 109,611,129,21.1%,89,77,12,40
22K119,P.S. 119 Amersfort,452,46,10.2%,7,s,s,38
22K134,P.S. K134,610,46,7.5%,s,s,s,46
22K139,P.S. 139 Alexine A. Fenty,972,111,11.4%,11,s,s,98
22K152,School of Science & Technology,667,89,13.3%,18,s,s,71
22K193,P.S. 193 Gil Hodges,719,37,5.1%,s,s,s,32
22K194,P.S. 194 Raoul Wallenberg,585,82,14.0%,25,s,s,55
22K197,P.S. 197 - The Kings Highway Academy,828,87,10.5%,s,s,s,84
22K198,P.S. 198 Brooklyn,423,97,22.9%,42,s,s,54
22K203,P.S. 203 Floyd Bennett School,695,82,11.8%,15,8,7,62
22K206,P.S. 206 Joseph F Lamb,1546,55,3.6%,s,s,s,50
22K207,P.S. 207 Elizabeth G. Leary,1183,18,1.5%,12,6,6,6
22K217,P.S. 217 Colonel David Marcus School,1164,126,10.8%,19,12,7,107
22K234,J.H.S. 234 Arthur W. Cunningham,1764,105,6.0%,6,s,s,99
22K236,P.S. 236 Mill Basin,563,17,3.0%,s,s,s,14
22K240,Andries Hudde,705,87,12.3%,21,15,6,64
22K245,P.S. 245,316,44,13.9%,13,s,s,25
22K251,P.S. 251 Paerdegat,509,65,12.8%,27,s,s,37
22K254,P.S. 254 Dag Hammarskjold,787,9,1.1%,s,s,s,7
22K255,P.S. 255 Barbara Reing School,903,81,9.0%,s,s,s,78
22K278,J.H.S. 278 Marine Park,1227,99,8.1%,s,s,s,95
22K312,P.S. 312 Bergen Beach,813,44,5.4%,s,s,s,39
22K315,P.S. K315,661,92,13.9%,20,12,8,68
22K361,P.S. 361 East Flatbush Early Childhood School,692,134,19.4%,25,18,7,109
22K381,I. S. 381,279,8,2.9%,s,s,s,s
22K405,Midwood High School,4149,214,5.2%,14,s,s,196
22K425,James Madison High School,3903,246,6.3%,17,10,7,217
22K444,Home Schooling,365,14,3.8%,s,s,s,10
22K535,Leon M. Goldstein High School for the Sciences,1081,9,0.8%,s,s,s,9
22K555,Brooklyn College Academy,656,15,2.3%,s,s,s,12
22K611,Origins High School,434,49,11.3%,12,6,6,37
22K630,Professional Pathways High School,259,20,7.7%,8,s,s,11
22K700,Universal Pre-K C.B.O.,1629,28,1.7%,6,s,s,21
22K853,The Joan Snow Pre-K Center,297,6,2.0%,s,s,s,s
22K889,P.S. 889,139,7,5.0%,s,s,s,s
22K890,M.S. 890,218,17,7.8%,s,s,s,13
23K041,P.S. 041 Francis White,416,86,20.7%,50,41,9,29
23K137,P.S./I.S. 137 Rachel Jean Mitchell,298,51,17.1%,34,27,7,17
23K150,P.S. 150 Christopher,230,51,22.2%,23,17,6,21
23K155,P.S./ I.S. 155 Nicholas Herkimer,468,109,23.3%,66,60,6,39
23K156,P.S. 156 Waverly,676,132,19.5%,86,62,24,32
23K165,P.S. 165 Ida Posner,322,44,13.7%,27,16,11,12
23K178,P.S. 178 Saint Clair Mckelway,382,102,26.7%,69,54,15,33
23K184,P.S. 184 Newport,558,110,19.7%,61,36,25,32
23K284,"The Gregory Jocko Jackson School of Sports, Art, a",314,49,15.6%,41,29,12,6
23K298,P.S. 298 Dr. Betty Shabazz,306,73,23.9%,39,27,12,32
23K323,P.S./I.S. 323,647,130,20.1%,109,94,15,16
23K327,P.S. 327 Dr. Rose B. English,332,97,29.2%,64,50,14,27
23K363,Brownsville Collaborative Middle School,290,59,20.3%,38,29,9,19
23K392,I.S. 392,310,23,7.4%,11,s,s,11
23K401,Christopher Avenue Community School,338,104,30.8%,89,72,17,15
23K444,Home Schooling,76,12,15.8%,11,s,s,s
23K446,Riverdale Avenue Community School,420,100,23.8%,54,s,s,45
23K493,Brooklyn Collegiate: A College Board School,285,41,14.4%,26,16,10,13
23K514,Frederick Douglass Academy VII High School,155,23,14.8%,16,10,6,s
23K518,Kappa V (Knowledge and Power Preparatory Academy),195,32,16.4%,13,6,7,18
23K522,Mott Hall IV,175,19,10.9%,12,s,s,s
23K599,Brooklyn Landmark Elementary School,402,59,14.7%,29,17,12,26
23K643,Brooklyn Democracy Academy,236,35,14.8%,19,7,12,9
23K644,Eagle Academy for Young Men II,647,71,11.0%,47,24,23,21
23K647,Metropolitan Diploma Plus High School,233,26,11.2%,16,s,s,s
23K664,Brooklyn Environmental Exploration School (BEES),113,31,27.4%,21,13,8,6
23K668,Riverdale Avenue Middle School,144,41,28.5%,20,s,s,20
23K671,Mott Hall Bridges Academy,200,36,18.0%,25,s,s,10
23K697,Teachers Preparatory High School,222,43,19.4%,31,19,12,9
23K700,Universal Pre-K C.B.O.,515,44,8.5%,19,s,s,23
24Q005,I.S. 5 - The Walter Crowley Intermediate School,1828,85,4.6%,38,31,7,47
24Q007,P.S. 007 Louis F. Simeone,1415,82,5.8%,10,s,s,71
24Q012,P.S. 012 James B. Colgate,1177,118,10.0%,s,s,s,113
24Q013,P.S. 013 Clement C. Moore,1538,264,17.2%,6,s,s,258
24Q014,P.S. 014 Fairview,1610,90,5.6%,7,s,s,76
24Q016,P.S. Q016 The Nancy DeBenedittis School,1531,372,24.3%,11,s,s,359
24Q019,P.S. 019 Marino Jeantet,1919,240,12.5%,s,s,s,235
24Q028,P.S. 28 - The Thomas Emanuel Early Childhood Cente,479,28,5.8%,s,s,s,27
24Q049,P.S. 049 Dorothy Bonawit Kole,1227,66,5.4%,s,s,s,61
24Q058,P.S. 58 - The School of Heroes,1058,56,5.3%,9,s,s,46
24Q061,I.S. 061 Leonardo Da Vinci,2340,242,10.3%,16,10,6,226
24Q068,P.S. 068 Cambridge,608,28,4.6%,8,s,s,20
24Q071,P.S. 071 Forest,750,59,7.9%,s,s,s,53
24Q073,I.S. 73 - The Frank Sansivieri Intermediate School,2011,94,4.7%,10,s,s,81
24Q077,I.S. 077,974,87,8.9%,14,s,s,69
24Q081,P.S. 81Q Jean Paul Richter,673,103,15.3%,14,s,s,89
24Q087,P.S./I.S. 087 Middle Village,640,12,1.9%,s,s,s,10
24Q088,P.S. 088 Seneca,874,24,2.7%,10,s,s,12
24Q089,P.S. 089 Elmhurst,1862,194,10.4%,8,s,s,183
24Q091,P.S. 091 Richard Arkwright,775,25,3.2%,6,s,s,18
24Q093,I.S. 093 Ridgewood,1166,54,4.6%,6,s,s,48
24Q102,P.S. 102 Bayview,1357,99,7.3%,50,s,s,49
24Q110,P.S. 110,911,140,15.4%,s,s,s,136
24Q113,P.S./I.S. 113 Anthony J. Pranzo,899,26,2.9%,s,s,s,25
24Q119,I.S. 119 The Glendale,1303,42,3.2%,s,s,s,36
24Q125,I.S. 125 Thom J. McCann Woodside,1547,164,10.6%,16,s,s,148
24Q128,"P.S. 128 The Lorraine Tuzzo, Juniper Valley Elemen",963,13,1.3%,s,s,s,11
24Q143,P.S. 143 Louis Armstrong,1410,140,9.9%,22,s,s,117
24Q153,P.S. 153 Maspeth Elem,1150,25,2.2%,s,s,s,21
24Q199,P.S. 199 Maurice A. Fitzgerald,847,107,12.6%,48,s,s,59
24Q211,Elm Tree Elementary School,547,185,33.8%,s,s,s,182
24Q229,P.S. 229 Emanuel Kaplan,1457,89,6.1%,34,28,6,55
24Q236,International High School for Health Sciences,307,88,28.7%,6,s,s,80
24Q239,P.S. 239,555,111,20.0%,10,s,s,99
24Q264,Academy of Finance and Enterprise,652,33,5.1%,6,s,s,26
24Q267,High School of Applied Communication,412,11,2.7%,s,s,s,6
24Q290,A.C.E. Academy for Scholars at the Geraldine Ferra,595,21,3.5%,s,s,s,18
24Q293,Civic Leadership Academy,596,28,4.7%,7,s,s,21
24Q296,Pan American International High School,497,90,18.1%,6,s,s,83
24Q305,Learners and Leaders,604,91,15.1%,s,s,s,88
24Q307,Pioneer Academy,925,90,9.7%,7,s,s,83
24Q311,Corona Arts & Sciences Academy,794,63,7.9%,s,s,s,61
24Q330,Helen M. Marshall School,582,147,25.3%,6,s,s,137
24Q331,Mosaic Pre-K Center,1002,42,4.2%,8,s,s,33
24Q343,The Children's Lab School,434,23,5.3%,7,s,s,16
24Q444,Home Schooling,289,13,4.5%,7,s,s,6
24Q455,Newtown High School,1858,169,9.1%,30,17,13,136
24Q457,H.S. Arts & Business Yabc,226,9,4.0%,s,s,s,8
24Q485,Grover Cleveland High School,1780,142,8.0%,16,s,s,124
24Q520,Middle College High School at LaGuardia Community,520,10,1.9%,s,s,s,10
24Q530,International High School at LaGuardia Community C,537,78,14.5%,s,s,s,72
24Q550,High School for Arts and Business,785,32,4.1%,11,s,s,21
24Q560,"Robert F. Wagner, Jr. Secondary School for Arts an",658,19,2.9%,s,s,s,14
24Q585,Maspeth High School,1220,25,2.0%,8,s,s,17
24Q600,Queens Technical High School,1490,42,2.8%,s,s,s,37
24Q610,Aviation Career & Technical Education High School,2103,33,1.6%,s,s,s,30
24Q700,Universal Pre-K C.B.O.,2297,140,6.1%,24,s,s,112
24Q744,VOYAGES Preparatory,222,6,2.7%,s,s,s,s
25Q020,P.S. 020 John Bowne,1271,80,6.3%,19,s,s,61
25Q021,P.S. 021 Edward Hart,1388,234,16.9%,s,s,s,228
25Q022,P.S. 022 Thomas Jefferson,928,50,5.4%,s,s,s,50
25Q024,P.S. 024 Andrew Jackson,1124,120,10.7%,s,s,s,120
25Q025,I.S. 025 Adrien Block,1084,35,3.2%,s,s,s,31
25Q029,P.S. 029 Queens,729,46,6.3%,7,s,s,39
25Q032,P.S. 032 State Street,1015,32,3.2%,s,s,s,32
25Q079,P.S. 079 Francis Lewis,1124,32,2.8%,s,s,s,30
25Q107,P.S. 107 Thomas A Dooley,971,85,8.8%,s,s,s,81
25Q120,P.S. 120 Queens,990,12,1.2%,s,s,s,12
25Q129,P.S. 129 Patricia Larkin,1144,66,5.8%,s,s,s,65
25Q154,P.S. 154 Queens,702,20,2.8%,s,s,s,16
25Q163,P.S. 163 Flushing Heights,833,10,1.2%,s,s,s,10
25Q164,P.S. 164 Queens Valley,699,26,3.7%,s,s,s,22
25Q165,P.S. 165 Edith K. Bergtraum,791,68,8.6%,13,s,s,53
25Q184,P.S. 184 Flushing Manor,536,33,6.2%,s,s,s,32
25Q185,J.H.S. 185 Edward Bleeker,1554,88,5.7%,7,s,s,81
25Q189,J.H.S. 189 Daniel Carter Beard,788,47,6.0%,s,s,s,44
25Q194,J.H.S. 194 William Carr,1310,55,4.2%,s,s,s,51
25Q200,P.S./M.S. 200 - The Magnet School of Global Studie,541,29,5.4%,12,s,s,16
25Q201,P.S. 201 The Discovery School for Inquiry and Rese,509,35,6.9%,22,s,s,11
25Q209,P.S. 209 Clearview Gardens,566,7,1.2%,s,s,s,s
25Q214,P.S. 214 Cadwallader Colden,467,16,3.4%,s,s,s,14
25Q219,P.S. 219 Paul Klapper,647,74,11.4%,s,s,s,70
25Q237,I.S. 237,1429,59,4.1%,8,s,s,48
25Q240,Veritas Academy,587,36,6.1%,s,s,s,31
25Q241,Queens High School for Language Studies,440,10,2.3%,s,s,s,8
25Q250,I.S. 250 The Robert F. Kennedy Community Middle Sc,389,36,9.3%,6,s,s,27
25Q252,"Queens School of Inquiry, The",601,13,2.2%,s,s,s,10
25Q263,Flushing International High School,451,87,19.3%,s,s,s,76
25Q285,World Journalism Preparatory: A College Board Scho,588,19,3.2%,s,s,s,19
25Q379,College Point Collaborative,159,8,5.0%,s,s,s,7
25Q409,District 25 PRE-K Center,238,6,2.5%,s,s,s,6
25Q425,John Bowne High School,3661,187,5.1%,29,21,8,146
25Q444,Home Schooling,235,7,3.0%,s,s,s,7
25Q460,Flushing High School,1683,173,10.3%,20,12,8,149
25Q467,Flushing Yabc,260,10,3.8%,s,s,s,7
25Q499,"The Queens College School for Math, Science and Te",534,7,1.3%,s,s,s,7
25Q540,Queens Academy High School,394,11,2.8%,s,s,s,s
25Q670,Robert F. Kennedy Community High School,721,26,3.6%,s,s,s,19
25Q700,Universal Pre-K C.B.O.,1812,26,1.4%,s,s,s,20
25Q792,North Queens Community High School,205,15,7.3%,9,s,s,s
26Q018,P.S. 018 Winchester,606,15,2.5%,s,s,s,14
26Q026,P.S. 026 Rufus King,743,15,2.0%,s,s,s,13
26Q041,P.S. 041 Crocheron,481,16,3.3%,s,s,s,16
26Q046,P.S. 046 Alley Pond,574,10,1.7%,s,s,s,10
26Q067,J.H.S. 067 Louis Pasteur,963,15,1.6%,s,s,s,14
26Q074,J.H.S. 074 Nathaniel Hawthorne,1180,25,2.1%,s,s,s,23
26Q094,P.S. 094 David D. Porter,347,12,3.5%,s,s,s,12
26Q115,The James J. Ambrose School,800,11,1.4%,s,s,s,11
26Q133,P.S. 133 Queens,608,28,4.6%,s,s,s,26
26Q158,M.S. 158 Marie Curie,1094,24,2.2%,s,s,s,23
26Q159,P.S. 159,687,40,5.8%,s,s,s,39
26Q162,P.S. 162 John Golden,684,6,0.9%,s,s,s,6
26Q172,Irwin Altman Middle School 172,1004,10,1.0%,s,s,s,9
26Q173,P.S. 173 Fresh Meadows,1004,35,3.5%,s,s,s,31
26Q178,P.S./ IS 178 Holliswood,587,16,2.7%,s,s,s,15
26Q186,P.S. 186 Castlewood,394,6,1.5%,s,s,s,6
26Q191,P.S. 191 Mayflower,397,27,6.8%,s,s,s,27
26Q213,P.S. 213 The Carl Ullman School,476,29,6.1%,s,s,s,26
26Q216,J.H.S. 216 George J. Ryan,1566,121,7.7%,s,s,s,118
26Q266,P.S./I.S. 266,666,10,1.5%,s,s,s,s
26Q315,Business Technology Early College High School,535,36,6.7%,11,s,s,24
26Q376,P.S. 376,176,10,5.7%,s,s,s,10
26Q415,Benjamin N. Cardozo High School,3622,100,2.8%,14,s,s,77
26Q430,Francis Lewis High School,4506,175,3.9%,8,s,s,161
26Q435,Martin Van Buren High School,1189,26,2.2%,12,s,s,11
26Q495,Bayside High School,2865,145,5.1%,10,s,s,127
26Q566,"Queens High School of Teaching, Liberal Arts and t",1083,27,2.5%,7,s,s,20
26Q700,Universal Pre-K C.B.O.,1014,12,1.2%,s,s,s,10
27Q042,P.S./M.S 042 R. Vernam,680,92,13.5%,45,34,11,45
27Q043,P.S. 043,925,156,16.9%,76,60,16,75
27Q045,P.S. 045 Clarence Witherspoon,326,61,18.7%,37,s,s,18
27Q047,P.S. 047 Chris Galas,251,9,3.6%,s,s,s,8
27Q051,P.S. 051,256,15,5.9%,s,s,s,14
27Q053,M.S. 053 Brian Piccolo,256,55,21.5%,35,20,15,17
27Q056,P.S. 056 Harry Eichler,375,33,8.8%,s,s,s,27
27Q060,P.S. 060 Woodhaven,1221,68,5.6%,15,s,s,52
27Q062,P. S. 62 - Chester Park School,948,16,1.7%,9,s,s,7
27Q063,P.S. 063 Old South,1259,50,4.0%,21,s,s,26
27Q064,P.S. 064 Joseph P. Addabbo,562,6,1.1%,s,s,s,s
27Q065,P.S. 65 - The Raymond York Elementary School,485,35,7.2%,15,s,s,19
27Q066,P.S. 066 Jacqueline Kennedy Onassis,501,24,4.8%,s,s,s,21
27Q090,P.S. 090 Horace Mann,822,74,9.0%,6,s,s,64
27Q096,P.S. 096,315,16,5.1%,s,s,s,13
27Q097,P.S. 097 Forest Park,737,31,4.2%,6,s,s,24
27Q100,P.S. 100 Glen Morris,984,20,2.0%,9,s,s,10
27Q104,P.S. 104 The Bays Water,668,66,9.9%,25,18,7,37
27Q105,P.S. 105 The Bay School,894,118,13.2%,72,52,20,44
27Q106,Lighthouse Elementary School,225,34,15.1%,14,s,s,19
27Q108,P.S. 108 Captain Vincent G. Fowler,1455,86,5.9%,15,s,s,71
27Q114,P.S./M.S. 114 Belle Harbor,689,6,0.9%,s,s,s,s
27Q123,P.S. 123,712,59,8.3%,34,27,7,24
27Q124,P.S. 124 Osmond A Church,1184,27,2.3%,11,s,s,16
27Q137,M.S. 137 America's School of Heroes,1935,31,1.6%,10,s,s,16
27Q146,P.S. 146 Howard Beach,644,14,2.2%,s,s,s,13
27Q155,P.S. 155,559,19,3.4%,6,s,s,12
27Q183,P.S. 183 Dr. Richard R. Green,499,37,7.4%,22,s,s,15
27Q197,P.S. 197 The Ocean School,581,40,6.9%,15,s,s,21
27Q202,J.H.S. 202 Robert H. Goddard,1145,54,4.7%,12,s,s,38
27Q210,J.H.S. 210 Elizabeth Blackwell,1983,126,6.4%,29,22,7,92
27Q223,P.S. 223 Lyndon B. Johnson,606,40,6.6%,17,s,s,14
27Q226,J.H.S. 226 Virgil I. Grissom,1002,94,9.4%,35,21,14,57
27Q232,P.S. 232 Lindenwood,978,19,1.9%,8,s,s,11
27Q253,P.S. 253,603,119,19.7%,26,s,s,88
27Q254,P.S. 254 - The Rosa Parks School,633,36,5.7%,6,s,s,30
27Q260,Frederick Douglass Academy VI High School,341,44,12.9%,20,8,12,20
27Q261,Voyages Prep - South Queens,337,30,8.9%,16,8,8,12
27Q262,Channel View School for Research,973,25,2.6%,13,7,6,10
27Q273,P.S. 273,331,7,2.1%,s,s,s,s
27Q282,Knowledge and Power Preparatory Academy VI,263,8,3.0%,s,s,s,7
27Q297,Hawtree Creek Middle School,380,16,4.2%,s,s,s,8
27Q302,"Queens High School for Information, Research, and",494,37,7.5%,13,s,s,17
27Q306,New York City Academy for Discovery,403,13,3.2%,s,s,s,8
27Q308,Robert H. Goddard High School of Communication Art,640,12,1.9%,s,s,s,8
27Q309,Academy of Medical Technology: A College Board Sch,660,63,9.5%,15,9,6,45
27Q314,Epic High School - South,398,11,2.8%,s,s,s,s
27Q316,Queens Explorers Elementary School,404,7,1.7%,s,s,s,s
27Q317,Waterside Children's Studio School,536,36,6.7%,10,s,s,24
27Q318,Waterside School For Leadership,241,21,8.7%,8,s,s,13
27Q319,Village Academy,406,42,10.3%,17,s,s,17
27Q324,Rockaway Park High School for Environmental Sustai,312,30,9.6%,12,s,s,14
27Q334,Epic High School - North,423,26,6.1%,s,s,s,18
27Q336,Curious Young Learners Pre-K Center,415,11,2.7%,s,s,s,8
27Q351,Rockaway Collegiate High School,320,27,8.4%,11,s,s,13
27Q362,Wave Preparatory Elementary School,587,105,17.9%,35,28,7,67
27Q377,P.S. 377,296,18,6.1%,13,s,s,s
27Q400,August Martin High School,312,29,9.3%,15,7,8,13
27Q444,Home Schooling,376,12,3.2%,7,s,s,s
27Q475,Richmond Hill High School,1667,105,6.3%,15,s,s,62
27Q480,John Adams High School,2469,226,9.2%,41,31,10,183
27Q487,John Adams Yabc,260,30,11.5%,8,s,s,16
27Q700,Universal Pre-K C.B.O.,1509,87,5.8%,22,16,6,64
28Q008,J.H.S. 008 Richard S. Grossley,402,53,13.2%,15,7,8,37
28Q040,P.S. 040 Samuel Huntington,413,74,17.9%,42,s,s,32
28Q048,P.S. 048 William Wordsworth,591,116,19.6%,32,26,6,72
28Q050,P.S. 050 Talfourd Lawn Elementary School,885,99,11.2%,38,30,8,57
28Q054,P.S. 054 Hillside,560,100,17.9%,10,s,s,85
28Q055,P.S. 055 Maure,541,27,5.0%,10,s,s,16
28Q072,Catherine & Count Basie Middle School 72,353,54,15.3%,28,22,6,24
28Q080,PS 80  The Thurgood Marshall Magnet School of Mult,503,62,12.3%,33,s,s,28
28Q082,P.S. 082 Hammond,675,73,10.8%,22,s,s,50
28Q086,P.S. Q086,898,86,9.6%,s,s,s,82
28Q099,P.S. 099 Kew Gardens,801,76,9.5%,15,s,s,59
28Q117,P.S. 117 J. Keld / Briarwood School,1029,78,7.6%,53,s,s,23
28Q121,P.S. 121 Queens,917,23,2.5%,6,s,s,13
28Q139,P.S. 139 Rego Park,782,32,4.1%,s,s,s,31
28Q140,P.S. 140 Edward K Ellington,493,77,15.6%,41,s,s,35
28Q144,P.S. 144 Col Jeromus Remsen,923,16,1.7%,s,s,s,14
28Q157,J.H.S. 157 Stephen A. Halsey,1693,63,3.7%,15,s,s,48
28Q160,P.S. 160 Walter Francis Bishop,641,65,10.1%,23,15,8,42
28Q161,P.S. 161 Arthur Ashe School,672,31,4.6%,s,s,s,28
28Q167,Metropolitan Expeditionary Learning School,831,39,4.7%,s,s,s,35
28Q174,P.S. 174 William Sidney Mount,695,12,1.7%,s,s,s,12
28Q175,P.S. 175 The Lynn Gross Discovery School,836,20,2.4%,s,s,s,19
28Q182,P.S. 182 Samantha Smith,745,94,12.6%,16,s,s,77
28Q190,J.H.S. 190 Russell Sage,1107,38,3.4%,11,s,s,25
28Q196,P.S. 196 Grand Central Parkway,1035,10,1.0%,s,s,s,7
28Q206,P.S. 206 The Horace Harding School,632,8,1.3%,s,s,s,7
28Q217,J.H.S. 217 Robert A. Van Wyck,1740,222,12.8%,51,44,7,167
28Q220,P.S. 220 Edward Mandel,734,49,6.7%,s,s,s,45
28Q284,York Early College Academy,656,22,3.4%,8,s,s,12
28Q287,The Emerson School,369,50,13.6%,10,s,s,37
28Q310,Queens Collegiate: A College Board School,690,48,7.0%,14,8,6,30
28Q312,Jamaica Children's School,206,18,8.7%,13,s,s,s
28Q325,Hillside Arts & Letters Academy,453,26,5.7%,9,s,s,17
28Q328,High School for Community Leadership,499,36,7.2%,10,s,s,25
28Q332,Redwood Middle School,346,37,10.7%,13,s,s,22
28Q335,The Ezra Jack Keats Pre-K Center,250,18,7.2%,s,s,s,15
28Q338,Queens Satellite High School for Opportunity,224,12,5.4%,s,s,s,6
28Q349,The Queens School for Leadership and Excellence,428,59,13.8%,21,s,s,37
28Q350,Jamaica Gateway to the Sciences,509,28,5.5%,8,s,s,19
28Q354,The Jermaine L. Green STEM Institute of Queens,604,60,9.9%,18,s,s,39
28Q358,M.S. 358,369,35,9.5%,s,s,s,31
28Q440,Forest Hills High School,3845,152,4.0%,22,13,9,118
28Q444,Home Schooling,353,13,3.7%,s,s,s,7
28Q505,Hillcrest High School,3304,177,5.4%,47,29,18,128
28Q620,Thomas A. Edison Career and Technical Education Hi,2191,65,3.0%,14,8,6,48
28Q680,Queens Gateway to Health Sciences Secondary School,702,24,3.4%,s,s,s,22
28Q686,Queens Metropolitan High School,1103,29,2.6%,s,s,s,23
28Q687,Queens High School for the Sciences at York Colleg,478,9,1.9%,s,s,s,8
28Q690,High School for Law Enforcement and Public Safety,463,25,5.4%,10,s,s,12
28Q700,Universal Pre-K C.B.O.,2120,80,3.8%,32,s,s,43
28Q896,"Young Women's Leadership School, Queens",552,23,4.2%,7,s,s,15
29Q015,P.S. 015 Jackie Robinson,455,61,13.4%,20,s,s,37
29Q033,P.S. 033 Edward M. Funk,973,41,4.2%,10,s,s,30
29Q034,P.S. 034 John Harvard,624,84,13.5%,16,s,s,67
29Q035,P.S. 035 Nathaniel Woodhull,701,58,8.3%,13,s,s,45
29Q036,P.S. 036 Saint Albans School,435,82,18.9%,24,18,6,56
29Q037,Cynthia Jenkins School,461,101,21.9%,33,26,7,56
29Q038,P.S. 038 Rosedale,302,19,6.3%,9,s,s,6
29Q052,P.S. 052 Queens,444,140,31.5%,115,105,10,23
29Q059,I.S. 059 Springfield Gardens,630,48,7.6%,10,s,s,33
29Q095,P.S. 095 Eastwood,1496,210,14.0%,53,42,11,157
29Q109,Jean Nuzzi Intermediate School,1194,67,5.6%,9,s,s,54
29Q116,P.S./I.S. 116 William C. Hughley,830,179,21.6%,76,66,10,93
29Q118,P.S. 118 Lorraine Hansberry,494,48,9.7%,18,11,7,26
29Q131,P.S. 131 Abigail Adams,794,103,13.0%,s,s,s,101
29Q132,P.S. 132 Ralph Bunche,377,46,12.2%,9,s,s,36
29Q134,P.S. 134 Hollis,357,38,10.6%,22,16,6,9
29Q135,The Bellaire School,989,50,5.1%,13,s,s,35
29Q136,P.S. 136 Roy Wilkins,624,60,9.6%,37,28,9,22
29Q138,P.S./M.S. 138 Sunrise,758,66,8.7%,23,s,s,38
29Q147,P.S./M.S. 147 Ronald McNair,593,60,10.1%,18,s,s,34
29Q156,P.S. 156 Laurelton,247,19,7.7%,9,s,s,8
29Q176,P.S. 176 Cambria Heights,771,9,1.2%,7,s,s,s
29Q181,P.S. 181 Brookfield,337,24,7.1%,16,s,s,8
29Q192,I.S. 192 The Linden,535,59,11.0%,16,s,s,38
29Q195,P.S. 195 William Haberle,544,45,8.3%,14,s,s,23
29Q208,P.S./I.S. 208,723,11,1.5%,s,s,s,7
29Q238,I.S. 238 - Susan B. Anthony Academy,1376,234,17.0%,45,39,6,187
29Q243,Institute for Health Professions at Cambria Height,445,34,7.6%,6,s,s,26
29Q248,Queens Preparatory Academy,380,51,13.4%,19,s,s,29
29Q251,P.S. 251 Queens,356,45,12.6%,17,s,s,26
29Q259,Pathways College Preparatory School: A College Boa,597,44,7.4%,11,s,s,25
29Q265,Excelsior Preparatory High School,446,33,7.4%,9,s,s,19
29Q268,P.S./I.S. 268,642,34,5.3%,s,s,s,25
29Q270,The Gordon Parks School,766,23,3.0%,10,s,s,13
29Q272,George Washington Carver High School for the Scien,443,40,9.0%,20,12,8,18
29Q283,Preparatory Academy for Writers: A College Board S,572,40,7.0%,14,s,s,22
29Q289,Queens United Middle School,176,17,9.7%,7,s,s,8
29Q295,P.S./I.S. 295,490,54,11.0%,s,s,s,48
29Q313,Benjamin Franklin High School for Finance & Inform,419,38,9.1%,s,s,s,30
29Q326,Cambria Heights Academy,390,31,7.9%,9,s,s,20
29Q327,Eagle Academy for Young Men III,510,43,8.4%,19,13,6,22
29Q355,Collaborative Arts Middle School,336,49,14.6%,16,s,s,26
29Q356,Community Voices Middle School,396,84,21.2%,29,23,6,46
29Q360,P.S. 360,217,9,4.1%,s,s,s,8
29Q381,District 29 Pre-K Center,216,20,9.3%,s,s,s,15
29Q444,Home Schooling,288,14,4.9%,8,s,s,6
29Q492,"Mathematics, Science Research and Technology Magne",428,40,9.3%,10,s,s,30
29Q498,Humanities & Arts Magnet High School,410,37,9.0%,12,s,s,25
29Q700,Universal Pre-K C.B.O.,1331,51,3.8%,26,19,7,21
30Q002,P.S. 002 Alfred Zimberg,585,30,5.1%,25,s,s,s
30Q010,I.S. 010 Horace Greeley,807,57,7.1%,11,s,s,46
30Q011,P.S. 011 Kathryn Phelan,981,84,8.6%,9,s,s,75
30Q017,P.S. 017 Henry David Thoreau,607,67,11.0%,7,s,s,60
30Q069,P.S. 069 Jackson Heights,1040,19,1.8%,s,s,s,15
30Q070,P.S. 070,894,15,1.7%,s,s,s,10
30Q076,P.S. 076 William Hallet,468,31,6.6%,13,s,s,17
30Q078,P.S./I.S. 78Q,783,9,1.1%,s,s,s,s
30Q084,P.S. 084 Steinway,285,13,4.6%,s,s,s,10
30Q085,P.S. 085 Judge Charles Vallone,653,27,4.1%,8,s,s,17
30Q092,P.S. 092 Harry T. Stewart Sr.,924,14,1.5%,7,s,s,7
30Q111,P.S. 111 Jacob Blackwell,344,75,21.8%,51,35,16,21
30Q112,P.S. 112 Dutch Kills,463,58,12.5%,10,s,s,46
30Q122,P.S. 122 Mamie Fay,1386,19,1.4%,s,s,s,17
30Q126,Albert Shanker School for Visual and Performing Ar,684,42,6.1%,11,s,s,29
30Q127,P.S. 127 Aerospace Science Magnet School,1305,90,6.9%,46,s,s,42
30Q141,I.S. 141 The Steinway,1191,64,5.4%,20,s,s,41
30Q145,I.S. 145 Joseph Pulitzer,1735,118,6.8%,7,s,s,111
30Q148,P.S. 148 Queens,838,111,13.2%,7,s,s,104
30Q149,P.S. 149 Christa Mcauliffe,1003,169,16.8%,s,s,s,164
30Q150,P.S. 150 Queens,1043,69,6.6%,s,s,s,63
30Q151,P.S. 151 Mary D. Carter,381,57,15.0%,12,s,s,43
30Q152,P.S. 152 Gwendoline N. Alleyne School,1035,213,20.6%,s,s,s,212
30Q166,P.S. 166 Henry Gradstein,1004,38,3.8%,12,s,s,26
30Q171,P.S. 171 Peter G. Van Alst,479,54,11.3%,15,8,7,31
30Q204,I.S. 204 Oliver W. Holmes,473,41,8.7%,15,8,7,24
30Q222,P.S. Q222 - Fire Fighter Christopher A. Santora Sc,282,12,4.3%,s,s,s,10
30Q227,I.S. 227 Louis Armstrong,1607,56,3.5%,7,s,s,49
30Q228,The Ivan Lafayette Early Childhood School of the A,317,54,17.0%,s,s,s,51
30Q230,I.S. 230,1303,63,4.8%,s,s,s,62
30Q234,P.S. 234,497,18,3.6%,s,s,s,17
30Q235,Academy for New Americans,151,80,53.0%,s,s,s,76
30Q258,Energy Tech High School,543,18,3.3%,s,s,s,15
30Q280,P.S. 280,646,33,5.1%,s,s,s,29
30Q286,"Young Women's Leadership School, Astoria",595,9,1.5%,s,s,s,8
30Q291,Hunters Point Community Middle School,425,22,5.2%,s,s,s,17
30Q300,The 30th Avenue School (G&T Citywide),520,6,1.2%,s,s,s,s
30Q301,Academy for Careers in Television and Film,565,17,3.0%,s,s,s,12
30Q329,East Elmhurst Community School,461,61,13.2%,s,s,s,53
30Q361,The Woodside Community School,344,33,9.6%,s,s,s,33
30Q389,District 30 Pre-K Center,312,22,7.1%,16,s,s,6
30Q444,Home Schooling,372,8,2.2%,s,s,s,s
30Q445,William Cullen Bryant High School,2437,198,8.1%,42,33,9,145
30Q450,Long Island City High School,2257,142,6.3%,52,41,11,87
30Q501,Frank Sinatra School of the Arts High School,858,14,1.6%,s,s,s,11
30Q502,Information Technology High School,1013,82,8.1%,10,s,s,71
30Q555,Newcomers High School,939,175,18.6%,s,s,s,173
30Q575,Academy of American Studies,1034,11,1.1%,s,s,s,9
30Q700,Universal Pre-K C.B.O.,1819,99,5.4%,14,s,s,84
31R001,P.S. 001 Tottenville,447,9,2.0%,s,s,s,8
31R002,I.S. R002 George L. Egbert,1091,36,3.3%,7,s,s,25
31R003,P.S. 003 The Margaret Gioiosa School,752,14,1.9%,s,s,s,13
31R004,P.S. 004 Maurice Wollin,692,21,3.0%,s,s,s,17
31R005,P.S. 005 Huguenot,317,9,2.8%,s,s,s,8
31R006,P.S. 6 Corporal Allan F. Kivlehan School,545,7,1.3%,s,s,s,6
31R007,I.S. 007 Elias Bernstein,1179,12,1.0%,s,s,s,10
31R008,P.S. 8 Shirlee Solomon,611,7,1.1%,s,s,s,s
31R009,Naples Street Elementary School,339,6,1.8%,s,s,s,s
31R010,Fort Hill Collaborative Elementary School,182,38,20.9%,14,s,s,21
31R011,P.S. 11 Thomas Dongan School,322,10,3.1%,s,s,s,6
31R013,P.S. 013 M. L. Lindemeyer,874,51,5.8%,10,s,s,38
31R016,P.S. 016 John J. Driscoll,507,71,14.0%,30,24,6,36
31R018,P.S. 018 John G. Whittier,510,86,16.9%,18,s,s,64
31R019,P.S. 019 The Curtis School,576,26,4.5%,11,s,s,14
31R020,P.S. 020 Port Richmond,464,43,9.3%,18,s,s,25
31R021,P.S. 21 Margaret Emery-Elm Park,354,16,4.5%,s,s,s,10
31R022,P.S. 022 Graniteville,966,101,10.5%,13,6,7,83
31R023,P.S. 023 Richmondtown,554,32,5.8%,s,s,s,30
31R024,I.S. 024 Myra S. Barnes,1370,33,2.4%,s,s,s,30
31R027,I.S. 027 Anning S. Prall,1077,49,4.5%,16,8,8,31
31R028,The Eagle Academy for Young Men of Staten Island,275,25,9.1%,11,s,s,12
31R029,P.S. 029 Bardwell,621,16,2.6%,6,s,s,10
31R030,P.S. 030 Westerleigh,843,22,2.6%,s,s,s,22
31R031,P.S. 031 William T. Davis,409,38,9.3%,18,s,s,18
31R032,P.S. 032 The Gifford School,689,6,0.9%,s,s,s,6
31R035,P.S. 35 The Clove Valley School,417,8,1.9%,s,s,s,s
31R038,P.S. 038 George Cromwell,385,12,3.1%,s,s,s,10
31R039,P.S. 39 Francis J. Murphy Jr.,549,45,8.2%,12,s,s,28
31R041,The Stephanie A. Vierno School,722,16,2.2%,s,s,s,13
31R042,P.S. 042 Eltingville,1077,20,1.9%,s,s,s,19
31R044,P.S. 044 Thomas C. Brown,804,89,11.1%,55,37,18,23
31R045,P.S. 045 John Tyler,879,59,6.7%,25,19,6,34
31R048,P.S. 048 William G. Wilcox,1013,15,1.5%,s,s,s,11
31R049,I.S. 49 Berta A. Dreyfus,549,46,8.4%,22,15,7,17
31R051,I.S. 051 Edwin Markham,1376,84,6.1%,33,23,10,50
31R052,P.S. 052 John C. Thompson,609,44,7.2%,s,s,s,40
31R053,The Barbara Esselborn School,855,25,2.9%,s,s,s,25
31R054,P.S. 054 Charles W. Leng,810,7,0.9%,s,s,s,s
31R056,P.S. 56 The Louis Desario School,594,9,1.5%,s,s,s,s
31R057,P.S. 057 Hubert H. Humphrey,671,66,9.8%,19,s,s,42
31R058,Space Shuttle Columbia School,711,29,4.1%,s,s,s,25
31R059,The Harbor View School,301,24,8.0%,s,s,s,24
31R060,P.S. 060 Alice Austen,872,13,1.5%,s,s,s,9
31R061,I.S. 061 William A Morris,968,54,5.6%,42,26,16,11
31R062,The Kathleen Grimm School for Leadership and Susta,290,7,2.4%,s,s,s,7
31R063,Marsh Avenue School for Expeditionary Learning,448,10,2.2%,s,s,s,7
31R064,Gaynor McCown Expeditionary Learning School,439,8,1.8%,s,s,s,7
31R065,P.S. 65 The Academy of Innovative Learning,442,29,6.6%,7,s,s,17
31R066,The Richmond Pre-K Center,257,19,7.4%,s,s,s,15
31R068,Port Richmond School for Visionary Learning,243,28,11.5%,s,s,s,23
31R069,P.S. 069 Daniel D. Tompkins,957,6,0.6%,s,s,s,s
31R072,I.S. 072 Rocco Laurie,1505,43,2.9%,s,s,s,39
31R074,P.S. 74 Future Leaders Elementary School,310,63,20.3%,37,28,9,25
31R075,I.S. 075 Frank D. Paulo,1463,17,1.2%,s,s,s,13
31R078,P.S. 78,811,92,11.3%,59,44,15,27
31R080,The Michael J. Petrides School,1338,20,1.5%,6,s,s,13
31R440,New Dorp High School,3043,109,3.6%,17,8,9,85
31R444,Home Schooling,568,24,4.2%,15,7,8,7
31R445,Port Richmond High School,1562,105,6.7%,30,17,13,71
31R450,Curtis High School,2562,178,6.9%,57,30,27,106
31R455,Tottenville High School,3702,83,2.2%,s,s,s,78
31R460,Susan E. Wagner High School,3402,83,2.4%,23,15,8,55
31R470,Concord High School,193,15,7.8%,6,s,s,9
31R600,Ralph R. McKee Career and Technical Education High,780,22,2.8%,11,s,s,8
31R607,Staten Island Yabc,220,7,3.2%,s,s,s,s
31R700,Universal Pre-K C.B.O.,2163,48,2.2%,11,s,s,35
31R861,Staten Island School of Civic Leadership,916,50,5.5%,9,s,s,37
32K045,P.S./I.S. 045 Horace E. Greene,655,93,14.2%,64,58,6,23
32K075,P.S. 075 Mayda Cortiella,319,62,19.4%,8,s,s,54
32K086,P.S. 086 The Irvington,406,82,20.2%,s,s,s,77
32K106,P.S. 106 Edward Everett Hale,415,62,14.9%,26,20,6,26
32K116,P.S. 116 Elizabeth L Farrell,368,69,18.8%,8,s,s,61
32K123,P.S. 123 Suydam,613,69,11.3%,27,s,s,41
32K145,P.S. 145 Andrew Jackson,551,169,30.7%,55,49,6,113
32K151,P.S. 151 Lyndon B. Johnson,309,108,35.0%,10,s,s,92
32K162,J.H.S. 162 The Willoughby,353,66,18.7%,17,s,s,45
32K168,The Brooklyn School for Math and Research,302,34,11.3%,14,s,s,20
32K274,P.S. 274 Kosciusko,384,112,29.2%,47,41,6,65
32K291,J.H.S. 291 Roland Hayes,324,95,29.3%,21,s,s,70
32K299,P.S. 299 Thomas Warren Field,250,62,24.8%,32,s,s,29
32K347,I.S. 347 School of Humanities,345,52,15.1%,10,s,s,40
32K349,"I.S. 349 Math, Science & Tech.",335,54,16.1%,18,s,s,36
32K376,P.S. 376,550,64,11.6%,7,s,s,56
32K377,P.S. 377 Alejandrina B. De Gautier,168,12,7.1%,9,s,s,s
32K383,J.H.S. 383 Philippa Schuyler,905,32,3.5%,17,11,6,15
32K384,P.S. /I.S. 384 Frances E. Carter,522,54,10.3%,17,s,s,36
32K403,Academy for Environmental Leadership,293,74,25.3%,14,s,s,52
32K444,Home Schooling,46,11,23.9%,9,s,s,s
32K545,EBC High School for Public Service - Bushwick,492,47,9.6%,18,s,s,28
32K549,The Brooklyn School for Social Justice,364,56,15.4%,24,18,6,29
32K552,The Academy of Urban Planning and Engineering,241,29,12.0%,7,s,s,21
32K554,All City Leadership Secondary School,437,17,3.9%,s,s,s,15
32K556,Bushwick Leaders High School for Academic Excellen,305,52,17.0%,16,9,7,36
32K562,Evergreen Middle School for Urban Exploration,373,66,17.7%,34,s,s,31
32K564,Bushwick Community High School,228,21,9.2%,13,s,s,7
32K700,Universal Pre-K C.B.O.,787,58,7.4%,14,s,s,42
75K004,P.S. K004,346,27,7.8%,19,s,s,s
75K036,P.S. 36,431,61,14.2%,43,31,12,10
75K053,P.S. K053,461,20,4.3%,14,s,s,s
75K077,P.S. K077,286,15,5.2%,8,s,s,s
75K140,P.S. K140,376,72,19.1%,39,23,16,14
75K141,P.S. K141,367,34,9.3%,25,18,7,s
75K231,P.S. K231,373,14,3.8%,7,s,s,s
75K368,P.S. 368,304,51,16.8%,32,24,8,13
75K369,P.S. K369 - Coy L. Cox School,552,52,9.4%,29,16,13,14
75K370,P.S. 370,259,13,5.0%,s,s,s,7
75K371,P.S. 371 - Lillian L. Rashkis,278,25,9.0%,13,7,6,s
75K373,P.S. 373 - Brooklyn Transition Center,463,29,6.3%,21,s,s,6
75K396,P.S. K396,446,67,15.0%,28,s,s,33
75K721,P.S. K721 - Brooklyn Occupational Training Center,491,25,5.1%,11,s,s,12
75K753,P.S. K753 - School for Career Development,322,53,16.5%,39,23,16,s
75K771,P.S. K771,452,16,3.5%,11,s,s,s
75K811,P.S. K811 Connie Lekas School,343,30,8.7%,11,s,s,15
75M035,P.S. 035,364,51,14.0%,28,18,10,8
75M079,P.S. M079 - Horan School,290,33,11.4%,20,s,s,11
75M094,P.S. M094,436,59,13.5%,35,23,12,12
75M138,P.S. 138,636,65,10.2%,43,33,10,22
75M169,P.S. M169 - Robert F. Kennedy,393,80,20.4%,42,26,16,36
75M226,P.S. M226,309,44,14.2%,22,s,s,20
75M401,Hospital Schools,347,48,13.8%,9,s,s,s
75M501,Home Instruction,90,23,25.6%,s,s,s,s
75M721,P.S. M721 - Manhattan Occupational Training Center,204,17,8.3%,10,s,s,7
75M751,Manhattan School for Career Development,232,25,10.8%,9,s,s,12
75M811,P.S. M811 - Mickey Mantle School,395,77,19.5%,33,26,7,37
75Q004,P.S. Q004,439,25,5.7%,13,s,s,9
75Q009,P.S. 009,692,68,9.8%,39,25,14,21
75Q023,P.S. Q023 @ Queens Children Center,586,38,6.5%,15,s,s,10
75Q075,Robert E. Peary School,606,62,10.2%,31,20,11,18
75Q177,P.S. Q177,496,15,3.0%,7,s,s,7
75Q224,P.S. Q224,422,24,5.7%,8,s,s,10
75Q233,P.S. Q233,511,18,3.5%,13,s,s,s
75Q255,P.S. Q255,434,10,2.3%,7,s,s,s
75Q256,P.S. Q256,679,53,7.8%,30,23,7,13
75Q277,The Riverview School,515,40,7.8%,20,s,s,19
75Q721,John F. Kennedy Jr. School,502,31,6.2%,12,s,s,14
75Q752,Queens Transition Center,422,35,8.3%,23,14,9,s
75Q811,P.S. Q811,450,22,4.9%,10,s,s,7
75Q993,P.S. Q993,591,17,2.9%,8,s,s,6
75R025,South Richmond High School I.S./P.S. 25,649,44,6.8%,26,20,6,6
75R037,The David Marquis School of the Arts,378,10,2.6%,6,s,s,s
75R373,P.S. R373,629,36,5.7%,21,s,s,13
75R721,The Richard H. Hungerford School,466,20,4.3%,8,s,s,10
75X010,P.S. X010,618,55,8.9%,36,30,6,16
75X012,P.S. X012 Lewis and Clark School,272,40,14.7%,22,10,12,8
75X017,P.S. X017,478,58,12.1%,45,33,12,8
75X168,P.S. 168,564,85,15.1%,37,s,s,34
75X176,P.S. X176,556,29,5.2%,21,s,s,6
75X186,P186X Walter J. Damrosch School,801,135,16.9%,104,79,25,22
75X188,P.S. X188,513,75,14.6%,43,27,16,26
75X352,The Vida Bogart School for All Children,557,91,16.3%,54,38,16,29
75X469,P469X - The Bronx School for Continuous Learners,343,53,15.5%,31,21,10,21
75X596,P.S. X596,422,22,5.2%,16,s,s,s
75X721,P.S. X721 - Stephen McSweeney School,556,43,7.7%,23,16,7,16
75X723,P.S. 723,531,95,17.9%,60,38,22,13
75X754,J. M. Rapport School Career Development,538,103,19.1%,60,33,27,21
75X811,P.S. X811,652,61,9.4%,37,22,15,20
79M645,School for Cooperative Technical Education,1186,81,6.8%,26,12,14,46
79M921,District 79 Youth Justice and Treatment Programs,102,14,13.7%,s,s,s,s
79M973,Restart Academy,800,369,46.1%,52,30,22,24
79Q344,East River Academy,713,94,13.2%,34,11,23,25
79Q950,Pathways to Graduation,7193,998,13.9%,370,178,192,368
79X695,Passages Academy,320,47,14.7%,21,9,12,10