DBN,School Name,# Total Students,# Students in Temporary Housing,% Students in Temporary Housing,# Students Residing in Shelter,# Residing in DHS Shelter,# Residing in Non-DHS Shelter,# Doubled Up
01M015,P.S. 015 Roberto Clemente,193,70,36.3%,29,21,8,38
01M019,P.S. 019 Asher Levy,247,30,12.1%,14,s,s,15
01M020,P.S. 020 Anna Silver,478,76,15.9%,44,20,24,28
01M034,P.S. 034 Franklin D. Roosevelt,302,65,21.5%,41,23,18,23
01M063,The STAR Academy - P.S.63,233,53,22.7%,23,16,7,28
01M064,P.S. 064 Robert Simon,246,54,22.0%,21,15,6,32
01M110,P.S. 110 Florence Nightingale,396,46,11.6%,13,s,s,32
01M134,P.S. 134 Henrietta Szold,259,51,19.7%,19,s,s,26
01M140,P.S. 140 Nathan Straus,386,94,24.4%,32,18,14,59
01M142,P.S. 142 Amalia Castro,334,79,23.7%,17,10,7,60
01M184,P.S. 184m Shuang Wen,721,96,13.3%,s,s,s,91
01M188,P.S. 188 The Island School,410,166,40.5%,103,76,27,58
01M292,Orchard Collegiate Academy,224,24,10.7%,7,s,s,16
01M315,The East Village Community School,335,8,2.4%,s,s,s,6
01M332,University Neighborhood Middle School,224,47,21.0%,17,9,8,25
01M361,The Children's Workshop School,341,29,8.5%,8,s,s,19
01M363,Neighborhood School,308,8,2.6%,s,s,s,s
01M364,Earth School,354,52,14.7%,7,s,s,43
01M378,School for Global Leaders,215,31,14.4%,16,s,s,15
01M444,Home Schooling,78,11,14.1%,9,s,s,s
01M448,University Neighborhood High School,495,59,11.9%,7,s,s,50
01M450,East Side Community School,681,64,9.4%,14,8,6,46
01M458,Forsyth Satellite Academy,206,26,12.6%,16,8,8,7
01M509,Marta Valle High School,94,s,s,s,s,s,s
01M515,Lower East Side Preparatory High School,668,99,14.8%,20,11,9,71
01M539,"New Explorations into Science, Technology and Math","1,818",15,0.8%,s,s,s,9
01M650,Cascades High School,217,25,11.5%,16,7,9,s
01M696,Bard High School Early College,615,13,2.1%,s,s,s,8
01M700,Universal Pre-K C.B.O.,538,59,11.0%,26,18,8,26
01M839,Tompkins Square Middle School,361,22,6.1%,s,s,s,17
02M001,P.S. 001 Alfred E. Smith,259,16,6.2%,9,s,s,7
02M002,P.S. 002 Meyer London,454,81,17.8%,19,s,s,62
02M003,P.S. 003 Charrette School,724,10,1.4%,s,s,s,9
02M006,P.S. 006 Lillie D. Blake,654,s,s,s,s,s,s
02M011,P.S. 011 William T. Harris,924,60,6.5%,33,26,7,26
02M033,P.S. 033 Chelsea Prep,638,94,14.7%,64,55,9,29
02M040,P.S. 040 Augustus Saint-Gaudens,752,8,1.1%,s,s,s,8
02M041,P.S. 041 Greenwich Village,675,s,s,s,s,s,s
02M042,P.S. 042 Benjamin Altman,565,21,3.7%,s,s,s,17
02M047,47 The American Sign Language and English Secondar,229,29,12.7%,19,11,8,10
02M051,P.S. 051 Elias Howe,524,111,21.2%,75,s,s,36
02M059,P.S. 059 Beekman Hill International,677,7,1.0%,s,s,s,s
02M077,P.S. 77 Lower Lab School,361,s,s,s,s,s,s
02M089,P.S. 89,466,s,s,s,s,s,s
02M104,J.H.S. 104 Simon Baruch,"1,121",50,4.5%,17,s,s,33
02M111,P.S. 111 Adolph S. Ochs,453,102,22.5%,79,s,s,23
02M114,East Side Middle School,461,s,s,s,s,s,s
02M116,P.S. 116 Mary Lindley Murray,512,52,10.2%,40,s,s,11
02M124,P.S. 124 Yung Wing,679,31,4.6%,s,s,s,26
02M126,P.S. 126 Jacob August Riis,726,170,23.4%,7,s,s,163
02M130,P.S. 130 Hernando De Soto,804,12,1.5%,s,s,s,9
02M131,M.S. 131,326,64,19.6%,9,s,s,55
02M135,The Urban Assembly School for Emergency Management,250,27,10.8%,10,s,s,13
02M139,Stephen T. Mather Building Arts & Craftsmanship Hi,420,35,8.3%,16,8,8,18
02M150,P.S. 150,190,s,s,s,s,s,s
02M151,Yorkville Community School,482,32,6.6%,s,s,s,26
02M158,P.S. 158 Bayard Taylor,822,12,1.5%,s,s,s,s
02M167,J.H.S. 167 Robert F. Wagner,"1,375",49,3.6%,s,s,s,33
02M177,Yorkville East Middle School,229,s,s,s,s,s,s
02M183,P.S. 183 Robert L. Stevenson,619,s,s,s,s,s,s
02M198,P.S. 198 Isador E. Ida Straus,504,s,s,s,s,s,s
02M212,P.S. 212 Midtown West,369,8,2.2%,s,s,s,s
02M217,P.S./I.S. 217 Roosevelt Island,675,9,1.3%,s,s,s,9
02M225,Ella Baker School,336,19,5.7%,7,s,s,11
02M234,P.S. 234 Independence School,649,s,s,s,s,s,s
02M255,M.S. 255 Salk School of Science,383,s,s,s,s,s,s
02M260,The Clinton School,778,13,1.7%,s,s,s,9
02M267,"East Side Elementary School, PS 267",454,8,1.8%,s,s,s,s
02M276,Battery Park City School,872,16,1.8%,s,s,s,9
02M280,Manhattan Early College School for Advertising,456,40,8.8%,19,6,13,16
02M281,The River School,472,12,2.5%,s,s,s,9
02M282,Urban Assembly Maker Academy,443,39,8.8%,18,12,6,20
02M288,Food and Finance High School,388,34,8.8%,17,8,9,13
02M289,I.S. 289,276,6,2.2%,s,s,s,s
02M290,P.S. 290 Manhattan New School,606,s,s,s,s,s,s
02M294,Essex Street Academy,341,11,3.2%,s,s,s,s
02M296,High School of Hospitality Management,330,33,10.0%,13,s,s,17
02M297,M.S. 297,868,55,6.3%,29,20,9,22
02M298,Pace High School,561,45,8.0%,20,14,6,23
02M300,"Urban Assembly School of Design and Construction,",257,32,12.5%,13,s,s,16
02M303,"Facing History School, The",344,44,12.8%,19,s,s,23
02M305,"Urban Assembly Academy of Government and Law, The",313,31,9.9%,9,s,s,19
02M308,Lower Manhattan Arts Academy,312,42,13.5%,19,9,10,21
02M312,New York City Lab Middle School for Collaborative,606,s,s,s,s,s,s
02M313,"James Baldwin School, The: A School for Expedition",251,18,7.2%,11,s,s,7
02M316,"Urban Assembly School of Business for Young Women,",172,21,12.2%,9,s,s,9
02M340,Sixth Avenue Elementary School,406,6,1.5%,s,s,s,s
02M343,The Peck Slip School,470,10,2.1%,8,s,s,s
02M347,The 47 American Sign Language & English Lower Scho,195,29,14.9%,13,s,s,9
02M374,Gramercy Arts High School,441,49,11.1%,26,15,11,16
02M376,NYC iSchool,468,22,4.7%,s,s,s,12
02M391,District 2 Pre-K Center,588,16,2.7%,8,s,s,7
02M392,Manhattan Business Academy,406,52,12.8%,20,9,11,29
02M393,Business Of Sports School,429,56,13.1%,25,13,12,27
02M394,Emma Lazarus High School,356,7,2.0%,s,s,s,s
02M397,Spruce Street School,572,21,3.7%,12,s,s,8
02M399,The High School For Language And Diplomacy,280,39,13.9%,17,s,s,18
02M400,High School for Environmental Studies,"1,119",44,3.9%,19,s,s,22
02M407,Institute for Collaborative Education,491,21,4.3%,7,s,s,11
02M408,Professional Performing Arts High School,592,20,3.4%,s,s,s,12
02M411,Baruch College Campus High School,496,s,s,s,s,s,s
02M412,N.Y.C. Lab School for Collaborative Studies,520,10,1.9%,s,s,s,6
02M413,School of the Future High School,723,30,4.1%,7,s,s,19
02M414,N.Y.C. Museum School,454,6,1.3%,s,s,s,s
02M416,Eleanor Roosevelt High School,539,s,s,s,s,s,s
02M418,Millennium High School,677,26,3.8%,s,s,s,24
02M419,Landmark High School,334,24,7.2%,10,s,s,12
02M420,High School for Health Professions and Human Servi,"1,825",96,5.3%,34,18,16,56
02M422,Quest to Learn,579,73,12.6%,34,22,12,34
02M425,Leadership and Public Service High School,364,22,6.0%,8,s,s,11
02M427,Manhattan Academy For Arts & Language,227,91,40.1%,17,11,6,72
02M432,Murray Hill Academy,278,32,11.5%,10,s,s,19
02M437,Hudson High School of Learning Technologies,458,56,12.2%,26,12,14,26
02M438,International High School at Union Square,382,138,36.1%,19,s,s,116
02M439,Manhattan Village Academy,461,16,3.5%,s,s,s,13
02M442,"Ballet Tech, NYC Public School for Dance",141,s,s,s,s,s,s
02M444,Home Schooling,469,18,3.8%,10,s,s,7
02M449,Vanguard High School,424,27,6.4%,11,s,s,10
02M459,Manhattan International High School,327,50,15.3%,s,s,s,42
02M475,Stuyvesant High School,"3,383",44,1.3%,s,s,s,37
02M489,High School of Economics and Finance,746,63,8.4%,28,15,13,31
02M500,Unity Center for Urban Technologies,274,28,10.2%,14,s,s,12
02M507,Urban Assembly Gateway School for Technology,456,29,6.4%,9,s,s,18
02M519,Talent Unlimited High School,530,8,1.5%,s,s,s,7
02M520,Murry Bergtraum High School for Business Careers,108,14,13.0%,6,s,s,7
02M527,P.S. 527 - East Side School for Social Action,492,17,3.5%,s,s,s,11
02M529,Jacqueline Kennedy Onassis High School,304,34,11.2%,17,10,7,14
02M531,Repertory Company High School for Theatre Arts,238,10,4.2%,s,s,s,8
02M533,Union Square Academy for Health Sciences,414,37,8.9%,13,s,s,20
02M534,Harvest Collegiate High School,457,27,5.9%,6,s,s,19
02M542,Manhattan Bridges High School,531,96,18.1%,15,s,s,80
02M543,New Design High School,449,45,10.0%,21,8,13,19
02M544,Independence High School,353,42,11.9%,24,17,7,12
02M545,High School for Dual Language and Asian Studies,401,62,15.5%,s,s,s,61
02M546,Academy for Software Engineering,453,29,6.4%,10,s,s,15
02M550,Liberty High School Academy for Newcomers,517,162,31.3%,27,18,9,121
02M551,Urban Assembly New York Harbor School,524,30,5.7%,10,s,s,19
02M560,High School M560 - City As School,659,60,9.1%,20,8,12,34
02M565,Urban Academy Laboratory High School,159,10,6.3%,s,s,s,s
02M570,Satellite Academy High School,284,23,8.1%,11,s,s,10
02M575,Manhattan Comprehensive Night and Day High School,866,83,9.6%,42,13,29,31
02M580,Richard R. Green High School of Teaching,349,25,7.2%,12,6,6,10
02M586,Harvey Milk High School,71,7,9.9%,s,s,s,s
02M600,The High School of Fashion Industries,"1,551",106,6.8%,46,24,22,58
02M605,Humanities Preparatory Academy,274,44,16.1%,8,s,s,34
02M615,Chelsea Career and Technical Education High School,433,37,8.5%,17,9,8,19
02M630,Art and Design High School,"1,461",60,4.1%,13,s,s,44
02M655,Life Sciences Secondary School,403,31,7.7%,14,8,6,15
02M700,Universal Pre-K C.B.O.,"1,034",63,6.1%,36,s,s,26
02M896,Lower Manhattan Community Middle School,389,s,s,s,s,s,s
02M933,City Knoll Middle School,157,39,24.8%,28,s,s,10
03M009,P.S. 009 Sarah Anderson,641,38,5.9%,6,s,s,32
03M054,J.H.S. 054 Booker T. Washington,822,16,1.9%,s,s,s,12
03M075,P.S. 075 Emily Dickinson,550,65,11.8%,35,s,s,27
03M076,P.S. 076 A. Philip Randolph,386,86,22.3%,53,42,11,33
03M084,P.S. 084 Lillian Weber,702,30,4.3%,7,s,s,18
03M087,P.S. 087 William Sherman,882,s,s,s,s,s,s
03M145,"P.S. 145, The Bloomingdale School",429,68,15.9%,49,s,s,19
03M149,P.S. 149 Sojourner Truth,233,45,19.3%,29,18,11,16
03M163,P.S. 163 Alfred E. Smith,561,51,9.1%,17,10,7,25
03M165,P.S. 165 Robert E. Simon,461,84,18.2%,33,s,s,50
03M166,P.S. 166 The Richard Rodgers School of The Arts an,669,15,2.2%,s,s,s,7
03M180,P.S. 180 Hugo Newman,515,72,14.0%,24,s,s,45
03M185,The Locke School of Arts and Engineering,365,39,10.7%,26,s,s,11
03M191,The Riverside School for Makers and Artists,565,74,13.1%,31,20,11,34
03M199,P.S. 199 Jessie Isador Straus,780,6,0.8%,s,s,s,s
03M241,STEM Institute of Manhattan,103,19,18.4%,6,s,s,11
03M242,P.S. 242 - The Young Diplomats Magnet Academy,149,47,31.5%,30,s,s,17
03M243,M.S. 243 Center School,252,s,s,s,s,s,s
03M245,M.S. M245 The Computer School,410,16,3.9%,s,s,s,14
03M247,M.S. M247 Dual Language Middle School,238,33,13.9%,10,s,s,23
03M250,M.S. 250 West Side Collaborative Middle School,152,18,11.8%,6,s,s,12
03M256,Lafayette Academy,143,18,12.6%,9,s,s,8
03M258,Community Action School - MS 258,245,32,13.1%,15,9,6,16
03M291,West End Secondary School,536,18,3.4%,s,s,s,16
03M299,The Maxine Greene HS for Imaginative Inquiry,287,32,11.1%,12,s,s,18
03M307,"Urban Assembly School for Media Studies, The",406,46,11.3%,15,7,8,28
03M333,P.S. 333 Manhattan School for Children,699,14,2.0%,s,s,s,9
03M334,The Anderson School,522,s,s,s,s,s,s
03M402,The Urban Assembly School for Green Careers,320,38,11.9%,11,s,s,25
03M403,The Global Learning Collaborative,446,49,11.0%,14,s,s,26
03M404,Innovation Diploma Plus,219,20,9.1%,10,s,s,8
03M415,Wadleigh Secondary School for the Performing & Vis,322,53,16.5%,32,21,11,20
03M417,Frank McCourt High School,405,12,3.0%,s,s,s,9
03M421,West Prep Academy,200,43,21.5%,23,17,6,17
03M444,Home Schooling,277,6,2.2%,s,s,s,s
03M452,P.S. 452,417,8,1.9%,s,s,s,s
03M479,Beacon High School,"1,479",10,0.7%,s,s,s,9
03M485,Fiorello H. LaGuardia High School of Music & Art a,"2,956",17,0.6%,s,s,s,11
03M492,"High School for Law, Advocacy and Community Justic",395,52,13.2%,27,9,18,22
03M494,High School of Arts and Technology,453,54,11.9%,24,13,11,27
03M505,Edward A. Reynolds West Side High School,400,36,9.0%,14,s,s,17
03M541,Manhattan / Hunter Science High School,459,14,3.1%,s,s,s,12
03M700,Universal Pre-K C.B.O.,835,58,6.9%,36,28,8,19
03M859,Special Music School,311,s,s,s,s,s,s
03M860,Frederick Douglass Academy II Secondary School,339,50,14.7%,29,13,16,18
03M862,Mott Hall II,424,13,3.1%,8,s,s,s
04M007,P.S. 007 Samuel Stern,405,91,22.5%,38,28,10,48
04M012,Tag Young Scholars,600,6,1.0%,s,s,s,s
04M037,River East Elementary,275,33,12.0%,14,8,6,16
04M038,P.S. 38 Roberto Clemente,265,79,29.8%,49,s,s,26
04M057,James Weldon Johnson,719,167,23.2%,61,39,22,105
04M072,The Lexington Academy,611,155,25.4%,67,45,22,86
04M083,P.S. 083 Luis Munoz Rivera,381,42,11.0%,23,s,s,18
04M096,P.S. 096 Joseph Lanzetta,419,96,22.9%,45,29,16,35
04M102,P.S. 102 Jacques Cartier,261,46,17.6%,23,10,13,22
04M108,P.S. 108 Assemblyman Angelo Del Toro Educational C,475,65,13.7%,38,24,14,23
04M112,P.S. 112 Jose Celso Barbosa,318,39,12.3%,15,s,s,23
04M146,P.S. 146 Ann M. Short,415,116,28.0%,58,45,13,58
04M155,P.S. 155 William Paca,254,52,20.5%,19,s,s,32
04M171,P.S. 171 Patrick Henry,775,83,10.7%,27,20,7,52
04M182,The Bilingual Bicultural School,302,88,29.1%,15,s,s,72
04M206,P.S. 206 Jose Celso Barbosa,462,66,14.3%,30,16,14,33
04M224,M.S. 224 Manhattan East School for Arts & Academic,215,11,5.1%,7,s,s,s
04M310,The Judith S. Kaye School,191,25,13.1%,12,s,s,7
04M372,Esperanza Preparatory Academy,552,108,19.6%,22,16,6,80
04M375,Mosaic Preparatory Academy,261,68,26.1%,25,12,13,37
04M377,Renaissance School of the Arts,204,37,18.1%,14,8,6,21
04M435,Manhattan Center for Science and Mathematics,"1,656",59,3.6%,15,s,s,41
04M444,Home Schooling,119,20,16.8%,11,s,s,8
04M495,Park East High School,379,18,4.7%,s,s,s,14
04M497,Central Park East I,183,18,9.8%,s,s,s,12
04M555,Central Park East High School,515,23,4.5%,s,s,s,14
04M610,Young Women's Leadership School,474,16,3.4%,6,s,s,10
04M680,"Heritage School, The",320,30,9.4%,13,s,s,14
04M700,Universal Pre-K C.B.O.,747,56,7.5%,33,27,6,23
04M825,Isaac Newton Middle School for Math & Science,283,28,9.9%,s,s,s,23
04M964,Central Park East II,475,53,11.2%,21,14,7,27
05M030,P.S. 030 Hernandez/Hughes,258,64,24.8%,31,24,7,33
05M036,P.S. 036 Margaret Douglas,393,100,25.4%,39,23,16,60
05M046,P.S. 046 Arthur Tappan,574,104,18.1%,39,31,8,60
05M092,P.S. 092 Mary McLeod Bethune,255,72,28.2%,42,33,9,20
05M123,P.S. 123 Mahalia Jackson,487,188,38.6%,102,54,48,80
05M125,P.S. 125 Ralph Bunche,316,28,8.9%,7,s,s,18
05M129,P.S. 129 John H. Finley,416,106,25.5%,51,30,21,53
05M133,P.S. 133 Fred R Moore,264,71,26.9%,45,36,9,26
05M148,Eagle Academy for Young Men of Harlem,393,49,12.5%,18,8,10,27
05M154,P.S. 154 Harriet Tubman,295,51,17.3%,29,19,10,21
05M157,The Urban Assembly School for Global Commerce,240,46,19.2%,27,19,8,14
05M161,P.S. 161 Pedro Albizu Campos,786,223,28.4%,64,35,29,131
05M175,P.S. 175 Henry H Garnet,371,61,16.4%,53,46,7,8
05M194,P.S. 194 Countee Cullen,201,77,38.3%,38,30,8,30
05M197,P.S. 197 John B. Russwurm,299,67,22.4%,38,29,9,25
05M200,P.S. 200- The James McCune Smith School,400,85,21.3%,58,36,22,23
05M285,Harlem Renaissance High School,228,30,13.2%,16,7,9,12
05M286,Urban Assembly Academy for Future Leaders,110,23,20.9%,19,10,9,s
05M304,Mott Hall High School,237,47,19.8%,19,s,s,26
05M318,Thurgood Marshall Academy Lower School,208,38,18.3%,10,s,s,23
05M362,Columbia Secondary School,698,37,5.3%,7,s,s,25
05M369,Urban Assembly School for the Performing Arts,380,52,13.7%,27,18,9,20
05M444,Home Schooling,190,7,3.7%,s,s,s,s
05M499,Frederick Douglass Academy,"1,093",135,12.4%,79,45,34,50
05M514,New Design Middle School,146,25,17.1%,13,6,7,10
05M517,Teachers College Community School,392,37,9.4%,7,s,s,22
05M670,Thurgood Marshall Academy for Learning and Social,536,60,11.2%,19,11,8,38
05M692,"High School for Mathematics, Science and Engineeri",484,7,1.4%,s,s,s,s
05M700,Universal Pre-K C.B.O.,902,115,12.7%,54,37,17,59
06M004,P.S. 004 Duke Ellington,504,78,15.5%,16,s,s,58
06M005,P.S. 005 Ellen Lurie,580,95,16.4%,32,s,s,60
06M008,P.S. 008 Luis Belliard,495,58,11.7%,16,s,s,40
06M018,P.S. 018 Park Terrace,355,128,36.1%,s,s,s,122
06M028,P.S. 028 Wright Brothers,554,172,31.0%,47,31,16,118
06M048,P.S. 048 P.O. Michael J. Buczek,475,99,20.8%,s,s,s,91
06M052,Harold O. Levy School,278,63,22.7%,7,s,s,55
06M098,P.S. 098 Shorac Kappock,432,88,20.4%,6,s,s,81
06M103,Dos Puentes Elementary School,426,103,24.2%,s,s,s,94
06M115,P.S. 115 Alexander Humboldt,472,107,22.7%,21,12,9,83
06M128,P.S. 128 Audubon,633,188,29.7%,12,s,s,175
06M132,P.S. 132 Juan Pablo Duarte,209,49,23.4%,10,s,s,38
06M143,J.H.S. 143 Eleanor Roosevelt,233,33,14.2%,6,s,s,27
06M152,P.S. 152 Dyckman Valley,582,225,38.7%,13,s,s,208
06M153,P.S. 153 Adam Clayton Powell,501,132,26.3%,24,s,s,107
06M173,P.S. 173,535,37,6.9%,21,s,s,16
06M178,Professor Juan Bosch Public School,296,39,13.2%,s,s,s,37
06M187,P.S./I.S. 187 Hudson Cliffs,797,42,5.3%,s,s,s,38
06M189,P.S. 189,683,60,8.8%,19,10,9,33
06M192,P.S. 192 Jacob H. Schiff,355,56,15.8%,19,s,s,37
06M209,Hamilton Grange Middle School,326,51,15.6%,13,6,7,37
06M210,P.S./I.S. 210 - Twenty-first Century Academy for C,438,24,5.5%,12,s,s,12
06M211,Inwood Early College for Health and Information Te,461,49,10.6%,12,s,s,35
06M223,The Mott Hall School,291,12,4.1%,s,s,s,7
06M278,Paula Hedbavny School,534,53,9.9%,8,s,s,42
06M293,City College Academy of the Arts,632,50,7.9%,8,s,s,41
06M311,Amistad Dual Language School,432,61,14.1%,7,s,s,54
06M314,Muscota,298,9,3.0%,s,s,s,8
06M319,M.S. 319 - Maria Teresa,393,70,17.8%,11,s,s,58
06M322,Middle School 322,345,122,35.4%,10,s,s,109
06M324,M.S. 324 - Patria Mirabal,332,64,19.3%,21,14,7,35
06M328,Community Math & Science Prep,177,14,7.9%,11,s,s,s
06M346,Community Health Academy of the Heights,709,80,11.3%,16,6,10,64
06M348,Washington Heights Expeditionary Learning School,900,98,10.9%,13,7,6,80
06M349,Harbor Heights,131,56,42.7%,s,s,s,52
06M366,Washington Heights Academy,599,54,9.0%,7,s,s,47
06M368,Hamilton Heights School,174,34,19.5%,13,s,s,21
06M423,High School for Excellence and Innovation,201,43,21.4%,9,s,s,33
06M444,Home Schooling,197,9,4.6%,s,s,s,7
06M462,The College Academy,393,133,33.8%,19,10,9,110
06M463,High School for Media and Communications,356,123,34.6%,s,s,s,114
06M467,High School for Law and Public Service,464,90,19.4%,13,s,s,73
06M468,High School for Health Careers and Sciences,400,85,21.3%,18,8,10,62
06M513,Castle Bridge School,193,30,15.5%,s,s,s,27
06M528,I.S. 528 Bea Fuller Rodgers School,245,38,15.5%,s,s,s,33
06M540,A. Philip Randolph Campus High School,"1,374",172,12.5%,67,30,37,98
06M552,Gregorio Luperon High School for Science and Mathe,554,188,33.9%,17,9,8,169
06M700,Universal Pre-K C.B.O.,"1,582",172,10.9%,20,s,s,144
07X001,P.S. 001 Courtlandt School,643,137,21.3%,70,37,33,63
07X005,P.S. 5 Port Morris,683,137,20.1%,66,54,12,69
07X018,P.S. 018 John Peter Zenger,559,142,25.4%,60,40,20,76
07X025,P.S. 025 Bilingual School,548,68,12.4%,39,s,s,27
07X029,P.S./M.S. 029 Melrose School,851,153,18.0%,73,55,18,78
07X030,P.S. 030 Wilton,541,131,24.2%,57,42,15,69
07X031,P.S./M.S. 031 The William Lloyd Garrison,695,130,18.7%,46,32,14,83
07X043,P.S. 043 Jonas Bronck,430,72,16.7%,27,20,7,43
07X049,P.S. 049 Willis Avenue,682,131,19.2%,58,41,17,71
07X065,P.S. 065 Mother Hale Academy,382,159,41.6%,108,93,15,51
07X151,J.H.S. 151 Lou Gehrig,199,65,32.7%,19,s,s,43
07X154,P.S. 154 Jonathan D. Hyatt,316,50,15.8%,24,15,9,24
07X157,P.S. 157 Grove Hill,606,120,19.8%,63,41,22,52
07X161,P.S. 161 Juan Ponce De Leon School,468,86,18.4%,37,25,12,42
07X179,P.S. 179,313,63,20.1%,36,30,6,24
07X221,South Bronx Preparatory: A College Board School,653,77,11.8%,20,6,14,54
07X223,The Laboratory School of Finance and Technology: X,694,79,11.4%,26,10,16,48
07X224,P.S./I.S. 224,294,69,23.5%,33,25,8,34
07X259,"H.E.R.O. High (Health, Education, and Research Occ",523,87,16.6%,37,23,14,47
07X277,P.S. 277,451,85,18.8%,41,31,10,44
07X296,South Bronx Academy for Applied Media,214,51,23.8%,35,20,15,12
07X298,Academy of Public Relations,257,58,22.6%,17,10,7,40
07X334,International Community High School,432,116,26.9%,19,13,6,88
07X343,Academy of Applied Mathematics and Technology,302,42,13.9%,11,s,s,26
07X359,Concourse Village Elementary School,337,52,15.4%,16,s,s,35
07X369,Young Leaders Elementary School,265,77,29.1%,20,s,s,56
07X379,Jill Chaifetz Transfer High School,235,36,15.3%,22,10,12,11
07X381,Bronx Haven High School,201,35,17.4%,17,7,10,14
07X427,Community School for Social Justice,327,71,21.7%,33,20,13,35
07X444,Home Schooling,114,9,7.9%,9,s,s,s
07X473,Mott Haven Village Preparatory High School,299,42,14.0%,21,15,6,19
07X495,University Heights Secondary School,587,32,5.5%,10,s,s,21
07X500,Hostos-Lincoln Academy of Science,539,46,8.5%,10,s,s,33
07X522,Bronx Design and Construction Academy,363,48,13.2%,25,17,8,21
07X527,Bronx Leadership Academy II High School,510,67,13.1%,21,14,7,43
07X533,Learning through Play Pre-K Center,236,28,11.9%,14,8,6,14
07X548,Careers in Sports High School,516,82,15.9%,32,18,14,44
07X551,The Urban Assembly Bronx Academy of Letters,612,96,15.7%,35,15,20,56
07X557,Mott Haven Community High School,272,31,11.4%,21,9,12,s
07X584,I.S. 584,257,52,20.2%,17,s,s,32
07X600,Alfred E. Smith Career and Technical Education Hig,437,38,8.7%,14,s,s,22
07X670,Health Opportunities High School,465,79,17.0%,33,22,11,35
07X700,Universal Pre-K C.B.O.,"1,137",120,10.6%,54,41,13,65
08X014,P.S. X014 Senator John Calandra,592,62,10.5%,15,9,6,41
08X036,P.S. 036 Unionport,778,70,9.0%,19,s,s,51
08X048,P.S. 048 Joseph R. Drake,683,199,29.1%,101,77,24,95
08X062,P.S. 062 Inocensio Casanova,631,143,22.7%,80,56,24,61
08X069,P.S. 069 Journey Prep School,627,66,10.5%,19,10,9,35
08X071,P.S. 071 Rose E. Scala,"1,500",57,3.8%,18,8,10,32
08X072,P.S. 072 Dr. William Dorney,756,84,11.1%,39,28,11,45
08X075,P.S. 75 School of Research and Discovery,617,99,16.0%,58,48,10,40
08X093,P.S. 093 Albert G. Oliver,411,59,14.4%,19,s,s,35
08X100,P.S. 100 Isaac Clason,566,112,19.8%,65,58,7,43
08X101,M.S. X101 Edward R. Byrne,555,23,4.1%,s,s,s,21
08X107,P.S. 107,587,99,16.9%,64,38,26,31
08X119,The Dr. Emmett W. Bassett School,755,64,8.5%,24,13,11,36
08X123,J.H.S. 123 James M. Kieran,500,114,22.8%,35,23,12,76
08X130,P.S. 130 Abram Stevens Hewitt,413,86,20.8%,38,31,7,47
08X131,J.H.S. 131 Albert Einstein,453,88,19.4%,45,30,15,42
08X138,P.S. 138 Samuel Randall,640,91,14.2%,26,19,7,62
08X140,P.S. X140 The Eagle School,576,124,21.5%,42,29,13,79
08X146,P.S. 146 Edward Collins,411,97,23.6%,63,56,7,30
08X152,P.S. 152 Evergreen,817,202,24.7%,96,86,10,106
08X182,P.S. 182,713,47,6.6%,21,s,s,22
08X269,Bronx Studio School for Writers and Artists,619,41,6.6%,26,s,s,14
08X282,Women's Academy of Excellence,239,36,15.1%,16,6,10,15
08X293,Renaissance High School for Musical Theater and th,455,20,4.4%,8,s,s,11
08X301,M.S. 301 Paul L. Dunbar,219,51,23.3%,21,15,6,27
08X302,M.S. 302 Luisa Dessus Cruz,499,107,21.4%,40,21,19,63
08X304,P.S. 304 Early Childhood School,529,38,7.2%,16,s,s,22
08X312,Millennium Art Academy,428,46,10.7%,24,11,13,19
08X320,Pelham Lab High School,459,32,7.0%,11,s,s,19
08X333,The Longwood Academy of Discovery,610,142,23.3%,59,40,19,77
08X337,The School for Inquiry and Social Justice,493,70,14.2%,20,10,10,47
08X348,Schuylerville Preparatory High School,406,24,5.9%,16,s,s,8
08X349,Bronx River High School,452,24,5.3%,9,s,s,11
08X367,"Archimedes Academy for Math, Science and Technolog",600,75,12.5%,21,11,10,48
08X371,Urban Institute of Mathematics,378,40,10.6%,10,s,s,29
08X375,The Bronx Mathematics Preparatory School,208,49,23.6%,17,11,6,27
08X376,Antonia Pantoja Preparatory Academy: A College Boa,414,78,18.8%,34,20,14,42
08X377,Bronx Community High School,154,8,5.2%,s,s,s,s
08X392,Bronx Delta School,461,46,10.0%,21,s,s,22
08X405,Herbert H. Lehman High School,890,34,3.8%,22,15,7,11
08X424,The Hunts Point School,295,102,34.6%,46,33,13,48
08X432,Bronx Bridges High School,372,90,24.2%,16,s,s,70
08X444,Home Schooling,304,32,10.5%,22,15,7,7
08X448,Soundview Academy for Culture and Scholarship,383,47,12.3%,13,7,6,29
08X452,Gotham Collaborative High School,465,73,15.7%,28,12,16,37
08X467,Mott Hall Community School,354,51,14.4%,21,13,8,27
08X530,Longwood Preparatory Academy,325,38,11.7%,18,s,s,17
08X537,Bronx Arena High School,204,23,11.3%,8,s,s,8
08X558,Westchester Square Academy,524,22,4.2%,14,s,s,8
08X559,School for Tourism and Hospitality,249,60,24.1%,33,17,16,20
08X561,Bronx Compass High School,391,57,14.6%,33,14,19,22
08X562,Blueprint Middle School,655,78,11.9%,21,s,s,57
08X583,P.S. 583,283,48,17.0%,9,s,s,38
08X700,Universal Pre-K C.B.O.,"1,715",76,4.4%,42,36,6,29
09X004,P.S./M.S. 004 Crotona Park West,492,220,44.7%,188,156,32,25
09X011,P.S. 011 Highbridge,579,138,23.8%,75,63,12,63
09X022,J.H.S. 022 Jordan L. Mott,422,96,22.7%,56,39,17,39
09X028,P.S. 028 Mount Hope,736,226,30.7%,89,62,27,133
09X035,P.S. 035 Franz Siegel,551,90,16.3%,28,17,11,60
09X042,P.S. 042 Claremont,397,95,23.9%,66,56,10,29
09X053,P.S. 053 Basheer Quisim,943,281,29.8%,157,120,37,115
09X055,P.S. 055 Benjamin Franklin,636,93,14.6%,52,36,16,39
09X058,P.S. 058,428,107,25.0%,63,56,7,43
09X063,P.S. 063 Author's Academy,551,127,23.0%,56,s,s,65
09X070,P.S. 070 Max Schoenfeld,"1,065",249,23.4%,83,62,21,161
09X073,P.S. 073 Bronx,589,146,24.8%,48,33,15,95
09X088,P.S. X088 - S. Silverstein Little Sparrow School,129,54,41.9%,14,s,s,39
09X109,P.S. 109 Sedgwick,599,131,21.9%,45,35,10,81
09X110,P.S. 110 Theodore Schoenfeld,412,107,26.0%,58,41,17,48
09X114,P.S. X114 - Luis Llorens Torres Schools,717,252,35.1%,72,58,14,179
09X117,I.S. 117 Joseph H. Wade,454,127,28.0%,29,21,8,97
09X126,P.S. 126 Dr Marjorie H Dunbar,600,85,14.2%,42,33,9,39
09X128,Mott Hall III,345,29,8.4%,7,s,s,20
09X132,P.S. 132 Garret A. Morgan,406,84,20.7%,54,30,24,28
09X163,P.S. 163 Arthur A. Schomburg,440,70,15.9%,21,s,s,49
09X170,P.S. 170,219,45,20.5%,10,s,s,35
09X199,P.S. 199X - The Shakespeare School,696,222,31.9%,83,74,9,133
09X204,P.S. 204 Morris Heights,652,113,17.3%,34,26,8,79
09X215,Kappa,344,39,11.3%,21,s,s,15
09X218,P.S./I.S. 218 Rafael Hernandez Dual Language Magne,"1,044",159,15.2%,11,s,s,147
09X219,I.S. 219 New Venture School,340,81,23.8%,35,21,14,45
09X227,Bronx Collegiate Academy,360,63,17.5%,22,14,8,40
09X229,I.S. 229 Roland Patterson,252,63,25.0%,26,18,8,32
09X231,Eagle Academy for Young Men,501,54,10.8%,18,10,8,32
09X232,I.S. 232,477,109,22.9%,32,25,7,75
09X236,P.S. 236 Langston Hughes,322,68,21.1%,20,s,s,48
09X241,Urban Assembly School for Applied Math and Science,605,76,12.6%,22,16,6,51
09X250,Eximius College Preparatory Academy: A College Boa,413,44,10.7%,26,15,11,17
09X252,Mott Hall Bronx High School,362,41,11.3%,10,s,s,29
09X260,Bronx Center for Science and Mathematics,449,22,4.9%,7,s,s,14
09X263,Validus Preparatory Academy,355,59,16.6%,23,9,14,33
09X274,The New American Academy at Roberto Clemente State,666,151,22.7%,77,66,11,65
09X294,The Walton Avenue School,493,134,27.2%,41,27,14,88
09X297,Morris Academy for Collaborative Studies,430,41,9.5%,28,12,16,11
09X303,I.S. X303 Leadership & Community Service,322,47,14.6%,11,s,s,36
09X311,Lucero Elementary School,380,148,38.9%,35,s,s,112
09X313,I.S. 313 School of Leadership Development,282,55,19.5%,26,18,8,29
09X323,Bronx Writing Academy,404,93,23.0%,44,33,11,48
09X324,Bronx Early College Academy for Teaching & Learnin,460,69,15.0%,25,6,19,37
09X327,Comprehensive Model School Project M.S. 327,726,102,14.0%,20,12,8,76
09X328,New Millennium Bronx Academy of the Arts,334,97,29.0%,47,29,18,45
09X329,DreamYard Preparatory School,279,58,20.8%,21,s,s,36
09X339,I.S. 339,431,91,21.1%,45,38,7,44
09X350,New Directions Secondary School,208,49,23.6%,15,s,s,30
09X361,The Highbridge Green School,380,61,16.1%,13,s,s,47
09X365,Academy for Language and Technology,363,189,52.1%,14,s,s,173
09X403,Bronx International High School,424,158,37.3%,28,12,16,124
09X404,School for Excellence,241,47,19.5%,18,s,s,25
09X412,Bronx High School of Business,309,83,26.9%,25,15,10,57
09X413,Bronx High School for Medical Science,430,31,7.2%,8,s,s,21
09X443,The Family School,547,126,23.0%,45,27,18,76
09X444,Home Schooling,180,34,18.9%,28,21,7,6
09X449,Grant Avenue Elementary School,437,97,22.2%,48,29,19,47
09X454,Science and Technology Academy: A Mott Hall School,427,71,16.6%,15,s,s,56
09X457,Sheridan Academy for Young Leaders,540,121,22.4%,41,26,15,77
09X505,"Bronx School for Law, Government and Justice",742,78,10.5%,24,14,10,51
09X517,Frederick Douglass Academy III Secondary School,333,64,19.2%,29,18,11,32
09X525,Bronx Leadership Academy High School,458,69,15.1%,32,17,15,35
09X543,High School for Violin and Dance,245,59,24.1%,31,18,13,26
09X555,Mount Eden Children's Academy,435,78,17.9%,11,s,s,67
09X564,Claremont International HS,385,164,42.6%,26,19,7,136
09X568,Young Women's Leadership School of the Bronx,548,38,6.9%,13,7,6,24
09X582,Garden of Learning and Discovery Pre-K Center,115,10,8.7%,10,s,s,s
09X593,South Bronx International Middle School,106,51,48.1%,s,s,s,47
09X594,M.S. 594,260,68,26.2%,31,23,8,36
09X700,Universal Pre-K C.B.O.,"2,363",255,10.8%,101,74,27,151
10X003,P.S. 3 Raul Julia Micro Society,336,14,4.2%,13,s,s,s
10X007,Milton Fein School,618,132,21.4%,28,s,s,104
10X008,P.S. 008 Isaac Varian,927,170,18.3%,53,39,14,106
10X009,P.S. 9 Ryer Avenue Elementary School,859,238,27.7%,49,29,20,188
10X015,P.S. X015 Institute for Environmental Learning,486,46,9.5%,7,s,s,38
10X020,"PS/MS 20 P.O.George J. Werdann, III",923,170,18.4%,32,22,10,137
10X023,P.S. 023 The New Children's School,457,116,25.4%,72,s,s,43
10X024,P.S. 024 Spuyten Duyvil,850,25,2.9%,s,s,s,20
10X032,P.S. 032 Belmont,748,166,22.2%,65,43,22,87
10X033,P.S. 033 Timothy Dwight,874,98,11.2%,46,32,14,50
10X037,P.S. X037 - Multiple Intelligence School,640,140,21.9%,18,s,s,122
10X045,Thomas C. Giordano Middle School 45,747,119,15.9%,32,23,9,86
10X046,P.S. 046 Edgar Allan Poe,849,207,24.4%,40,30,10,160
10X051,The Bronx STEM and Arts Academy,210,27,12.9%,14,8,6,12
10X054,P.S./I.S. 54,465,102,21.9%,21,11,10,78
10X056,P.S. 056 Norwood Heights,699,134,19.2%,18,s,s,114
10X059,P.S. 059 The Community School of Technology,560,110,19.6%,52,40,12,56
10X077,Bedford Park Elementary School,529,105,19.8%,8,s,s,85
10X080,J.H.S. 080 The Mosholu Parkway,675,158,23.4%,30,22,8,124
10X081,P.S. 081 Robert J. Christen,787,31,3.9%,s,s,s,23
10X085,P.S. 085 Great Expectations,902,170,18.8%,112,79,33,53
10X086,P.S. 086 Kingsbridge Heights,"1,674",433,25.9%,62,39,23,365
10X091,P.S. 091 Bronx,614,251,40.9%,85,64,21,159
10X094,P.S. 094 Kings College School,"1,181",234,19.8%,33,s,s,201
10X095,P.S. 095 Sheila Mencher,"1,166",297,25.5%,43,24,19,250
10X118,J.H.S. 118 William W. Niles,"1,046",182,17.4%,58,42,16,121
10X141,Riverdale / Kingsbridge Academy (Middle School / H,"1,559",110,7.1%,11,s,s,97
10X159,P.S. 159 Luis Munoz Marin Biling,199,40,20.1%,11,s,s,28
10X205,P.S. 205 Fiorello LaGuardia,942,131,13.9%,57,33,24,72
10X206,I.S. 206 Ann Mersereau,275,78,28.4%,24,15,9,51
10X207,P.S. 207,385,82,21.3%,20,s,s,60
10X209,P.S. 209,284,62,21.8%,7,s,s,54
10X213,Bronx Engineering and Technology Academy,386,51,13.2%,17,10,7,27
10X225,Theatre Arts Production Company School,512,66,12.9%,26,10,16,36
10X226,P.S. 226,427,100,23.4%,15,s,s,82
10X228,Jonas Bronck Academy,267,24,9.0%,s,s,s,23
10X237,"The Marie Curie School for Medicine, Nursing, and",391,53,13.6%,28,19,9,24
10X243,West Bronx Academy for the Future,609,84,13.8%,22,8,14,58
10X244,The New School for Leadership and Journalism,734,162,22.1%,10,s,s,148
10X246,P.S. 246 Poe Center,656,141,21.5%,18,s,s,122
10X254,I.S. 254,499,114,22.8%,24,12,12,88
10X264,Bronx Academy for Software Engineering (BASE),410,36,8.8%,11,s,s,24
10X268,Kingsbridge International High School,457,158,34.6%,23,s,s,132
10X279,"P.S. 279 Captain Manuel Rivera, Jr.",969,295,30.4%,45,37,8,247
10X280,P.S./M.S. 280 Mosholu Parkway,827,174,21.0%,12,s,s,148
10X284,Bronx School of Law and Finance,399,61,15.3%,15,s,s,45
10X291,P.S. 291,595,125,21.0%,29,19,10,95
10X306,P.S. 306,628,138,22.0%,38,26,12,93
10X307,Luisa Pineiro Fuentes School of Science and Discov,307,56,18.2%,s,s,s,52
10X308,Bronx Dance Academy School,262,31,11.8%,9,s,s,21
10X310,P.S. 310 Marble Hill,663,177,26.7%,11,s,s,165
10X315,P.S. 315 Lab School,229,24,10.5%,s,s,s,23
10X319,Providing Urban Learners Success In Education High,275,38,13.8%,25,7,18,13
10X331,The Bronx School of Young Leaders,457,48,10.5%,24,18,6,21
10X340,P.S. 340,594,176,29.6%,31,s,s,145
10X342,International School for Liberal Arts,550,193,35.1%,10,s,s,181
10X344,Ampark Neighborhood,386,28,7.3%,s,s,s,23
10X351,Bronx Collaborative High School,561,84,15.0%,32,16,16,44
10X353,World View High School,593,81,13.7%,17,s,s,63
10X360,P.S. 360,415,62,14.9%,11,s,s,51
10X363,Academy For Personal Leadership And Excellence,903,184,20.4%,23,14,9,154
10X368,In-Tech Academy (M.S. / High School 368),"1,009",141,14.0%,20,14,6,118
10X374,Knowledge and Power Preparatory Academy Internatio,411,41,10.0%,11,s,s,30
10X382,"Elementary School for Math, Science, and Technolog",294,85,28.9%,25,17,8,59
10X386,School for Environmental Citizenship,596,183,30.7%,29,s,s,154
10X390,M.S. 390,568,161,28.3%,25,17,8,132
10X391,The Angelo Patri Middle School,497,117,23.5%,25,18,7,90
10X396,P.S. 396,299,91,30.4%,36,28,8,54
10X397,English Language Learners and International Suppor,361,136,37.7%,14,7,7,115
10X433,High School for Teaching and the Professions,419,49,11.7%,14,s,s,34
10X434,Belmont Preparatory High School,387,24,6.2%,9,s,s,14
10X437,Fordham High School for the Arts,364,15,4.1%,7,s,s,8
10X438,Fordham Leadership Academy,367,26,7.1%,16,7,9,9
10X439,Bronx High School for Law and Community Service,395,46,11.6%,15,s,s,28
10X440,DeWitt Clinton High School,981,132,13.5%,35,17,18,86
10X442,"Celia Cruz Bronx High School of Music, The",436,40,9.2%,13,6,7,23
10X444,Home Schooling,301,33,11.0%,17,s,s,16
10X445,The Bronx High School of Science,"2,980",14,0.5%,s,s,s,11
10X447,Creston Academy,461,90,19.5%,11,s,s,78
10X477,Marble Hill High School for International Studies,467,49,10.5%,s,s,s,41
10X524,Crotona International High School,364,131,36.0%,14,s,s,108
10X535,Rose Hill Pre-K Center,451,86,19.1%,20,14,6,66
10X546,Bronx Theatre High School,338,52,15.4%,26,16,10,26
10X549,Discovery High School,459,62,13.5%,13,s,s,40
10X565,High School for Energy and Technology,382,58,15.2%,27,13,14,30
10X696,High School of American Studies at Lehman College,382,s,s,s,s,s,s
10X700,Universal Pre-K C.B.O.,"3,037",188,6.2%,42,33,9,138
11X016,P.S. 016 Wakefield,339,44,13.0%,19,12,7,25
11X019,P.S. 019 Judith K. Weiss,560,29,5.2%,s,s,s,23
11X021,P.S. 021 Philip H. Sheridan,608,120,19.7%,36,20,16,68
11X041,P.S. 041 Gun Hill Road,838,108,12.9%,49,42,7,54
11X068,P.S. 068 Bronx,581,43,7.4%,14,s,s,28
11X076,P.S. 076 The Bennington School,888,91,10.2%,37,23,14,52
11X078,P.S. 078 Anne Hutchinson,781,88,11.3%,61,50,11,21
11X083,P.S. 083 Donald Hertz,"1,722",179,10.4%,36,25,11,141
11X087,P.S. 087 Bronx,527,56,10.6%,24,s,s,32
11X089,P.S. 089 Bronx,"1,536",138,9.0%,42,24,18,90
11X096,P.S. 096 Richard Rodgers,874,108,12.4%,23,10,13,76
11X097,P.S. 097 Bronx,599,40,6.7%,16,s,s,20
11X103,P.S. 103 Hector Fontanez,960,96,10.0%,53,38,15,35
11X105,P.S. 105 Sen Abraham Bernstein,"1,026",167,16.3%,24,17,7,141
11X106,P.S. 106 Parkchester,"1,114",168,15.1%,26,19,7,139
11X108,P.S. 108 Philip J. Abinanti,595,32,5.4%,10,s,s,22
11X111,P.S. 111 Seton Falls,630,99,15.7%,30,21,9,59
11X112,P.S. 112 Bronxwood,423,76,18.0%,31,22,9,35
11X121,P.S. 121 Throop,803,86,10.7%,39,29,10,38
11X127,J.H.S. 127 The Castle Hill,846,173,20.4%,29,21,8,143
11X144,J.H.S. 144 Michelangelo,468,59,12.6%,27,21,6,23
11X153,P.S. 153 Helen Keller,626,28,4.5%,8,s,s,20
11X160,P.S. 160 Walt Disney,398,29,7.3%,s,s,s,22
11X169,Baychester Academy,436,47,10.8%,32,16,16,13
11X175,P.S. 175 City Island,307,12,3.9%,s,s,s,6
11X178,P.S. 178 - Dr. Selman Waksman,379,59,15.6%,21,15,6,37
11X180,M.S. 180 Dr. Daniel Hale Williams,"1,069",60,5.6%,9,s,s,51
11X181,I.S. 181 Pablo Casals,883,76,8.6%,14,s,s,61
11X189,Cornerstone Academy for Social Action,384,76,19.8%,30,17,13,32
11X194,P.S./M.S. 194,"1,298",133,10.2%,27,s,s,105
11X249,Bronx Health Sciences High School,290,35,12.1%,s,s,s,28
11X253,Bronx High School for Writing and Communication Ar,318,34,10.7%,8,s,s,23
11X265,Bronx Lab School,340,42,12.4%,23,12,11,15
11X270,Academy for Scholarship and Entrepreneurship: A Co,375,46,12.3%,21,15,6,22
11X275,High School of Computers and Technology,540,63,11.7%,23,13,10,36
11X287,North Bronx School of Empowerment,524,96,18.3%,33,20,13,54
11X288,Collegiate Institute for Math and Science,591,31,5.2%,6,s,s,24
11X290,Bronx Academy of Health Careers,358,83,23.2%,32,12,20,43
11X299,Astor Collegiate Academy,488,22,4.5%,10,s,s,9
11X326,Bronx Green Middle School,417,64,15.3%,15,9,6,49
11X355,Bronx Alliance Middle School,324,61,18.8%,27,15,12,26
11X357,Young Voices Academy of the Bronx,435,81,18.6%,6,s,s,73
11X370,Leaders of Tomorrow,485,63,13.0%,30,19,11,30
11X418,Bronx High School for the Visual Arts,450,55,12.2%,24,14,10,28
11X444,Home Schooling,456,27,5.9%,13,6,7,12
11X455,Harry S Truman High School,"2,230",305,13.7%,82,49,33,206
11X462,Cornerstone Academy for Social Action Middle Schoo,258,28,10.9%,14,7,7,11
11X468,Pelham Academy of Academics and Community Engageme,358,37,10.3%,s,s,s,31
11X481,The STEAM Bridge School,261,7,2.7%,s,s,s,s
11X483,The Matilda Avenue School,218,32,14.7%,14,s,s,18
11X498,P.S./M.S. 11X498 - Van Nest Academy,655,36,5.5%,s,s,s,32
11X508,Bronxdale High School,477,27,5.7%,13,s,s,11
11X509,High School of Language and Innovation,399,102,25.6%,8,s,s,88
11X513,New World High School,371,48,12.9%,9,s,s,38
11X514,The Bronxwood Preparatory Academy,353,43,12.2%,16,s,s,25
11X529,One World Middle School at Edenwald,334,26,7.8%,s,s,s,18
11X532,Baychester Middle School,301,44,14.6%,11,s,s,32
11X534,District 11 Pre-K Center,65,s,s,s,s,s,s
11X542,Pelham Preparatory Academy,515,48,9.3%,13,s,s,31
11X544,High School for Contemporary Arts,375,47,12.5%,25,s,s,21
11X545,Bronx Aerospace High School,267,46,17.2%,22,15,7,19
11X556,Bronx Park Middle School,430,102,23.7%,27,11,16,71
11X566,Pelham Gardens Middle School,454,47,10.4%,22,14,8,25
11X567,Linden Tree Elementary School,413,88,21.3%,34,s,s,52
11X700,Universal Pre-K C.B.O.,"2,528",129,5.1%,32,25,7,92
12X006,P.S. 006 West Farms,530,144,27.2%,65,54,11,76
12X044,P.S. 044 David C. Farragut,281,106,37.7%,89,73,16,17
12X047,P.S. 047 John Randolph,"1,045",75,7.2%,38,26,12,35
12X057,P.S. 057 Crescent,561,109,19.4%,52,40,12,57
12X061,P.S. 061 Francisco Oller,268,67,25.0%,14,s,s,52
12X066,P.S. 066 School of Higher Expectations,631,162,25.7%,105,60,45,55
12X067,P.S. 067 Mohegan School,452,69,15.3%,53,36,17,15
12X098,J.H.S. 098 Herman Ridder,265,63,23.8%,37,28,9,21
12X129,M.S. 129 Academy for Independent Learning and Lead,524,88,16.8%,47,36,11,41
12X134,P.S. 134 George F. Bristow,616,99,16.1%,68,44,24,30
12X150,P.S. 150 Charles James Fox,747,160,21.4%,72,48,24,87
12X190,E.S.M.T- I.S. 190,284,42,14.8%,16,8,8,24
12X195,P.S. 195,873,155,17.8%,36,27,9,115
12X196,P.S. 196,846,117,13.8%,41,30,11,75
12X211,P.S. 211,512,72,14.1%,46,38,8,26
12X212,P.S. 212,161,54,33.5%,27,17,10,26
12X214,P.S. 214,"1,160",222,19.1%,119,79,40,100
12X217,School of Performing Arts,360,84,23.3%,42,27,15,42
12X242,Mott Hall V,670,50,7.5%,14,s,s,36
12X248,"Metropolitan High School, The",264,53,20.1%,22,11,11,23
12X251,Explorations Academy H.S.,327,48,14.7%,23,12,11,24
12X267,Bronx Latin,533,22,4.1%,18,12,6,s
12X271,East Bronx Academy for the Future,676,108,16.0%,49,29,20,51
12X273,Frederick Douglass Academy V. Middle School,192,36,18.8%,18,7,11,17
12X286,Fannie Lou Hamer Middle School,286,56,19.6%,30,17,13,26
12X300,The School of Science and Applied Learning,579,143,24.7%,99,75,24,37
12X314,Fairmont Neighborhood School,287,52,18.1%,36,27,9,16
12X316,Kappa III,364,41,11.3%,13,s,s,22
12X318,"I.S. X318 Math, Science & Technology Through Arts",221,42,19.0%,27,s,s,15
12X341,Accion Academy,397,96,24.2%,32,17,15,59
12X383,Emolior Academy,350,62,17.7%,19,9,10,42
12X388,Pan American International High School at Monroe,467,128,27.4%,27,18,9,90
12X444,Home Schooling,141,15,10.6%,9,s,s,s
12X446,Arturo A. Schomburg Satellite Academy Bronx,206,34,16.5%,13,s,s,18
12X458,Samara Community School,280,40,14.3%,19,s,s,20
12X463,Urban Scholars Community School,308,79,25.6%,40,23,17,35
12X478,The Cinema School,350,28,8.0%,6,s,s,20
12X479,Bronx Career and College Preparatory High School,278,42,15.1%,25,15,10,14
12X480,Bronx Regional High School,197,44,22.3%,16,s,s,19
12X511,Bronx Envision Academy,404,75,18.6%,44,14,30,24
12X521,The Metropolitan Soundview High School,441,54,12.2%,19,s,s,31
12X531,Archer Elementary School,439,107,24.4%,28,15,13,67
12X536,P.S. 536,401,39,9.7%,7,s,s,31
12X550,High School of World Cultures,442,103,23.3%,25,s,s,75
12X595,P.S. 595,208,58,27.9%,31,s,s,26
12X682,Fannie Lou Hamer Freedom High School,470,69,14.7%,36,15,21,31
12X684,Wings Academy,383,67,17.5%,38,19,19,26
12X691,Bronx Little School,334,57,17.1%,s,s,s,47
12X700,Universal Pre-K C.B.O.,860,89,10.3%,33,24,9,55
13K003,P.S. 003 The Bedford Village,306,69,22.5%,24,15,9,45
13K008,P.S. 008 Robert Fulton,734,s,s,s,s,s,s
13K009,P.S. 009 Teunis G. Bergen,955,46,4.8%,18,6,12,28
13K011,P.S. 011 Purvis J. Behan,953,58,6.1%,8,s,s,50
13K020,P.S. 020 Clinton Hill,542,39,7.2%,10,s,s,27
13K044,P.S. 044 Marcus Garvey,127,28,22.0%,16,10,6,9
13K046,P.S. 046 Edward C. Blum,262,28,10.7%,17,11,6,11
13K054,P.S. 054 Samuel C. Barnes,207,16,7.7%,14,s,s,s
13K056,P.S. 056 Lewis H. Latimer,283,24,8.5%,13,s,s,9
13K067,P.S. 067 Charles A. Dorsey,230,37,16.1%,20,s,s,12
13K093,P.S. 093 William H. Prescott,205,30,14.6%,21,s,s,9
13K113,M.S. 113 Ronald Edmonds Learning Center,333,55,16.5%,22,12,10,28
13K133,P.S. 133 William A. Butler,725,31,4.3%,14,s,s,16
13K256,P.S. 256 Benjamin Banneker,220,44,20.0%,25,7,18,18
13K265,Dr. Susan S. McKinney Secondary School of the Arts,315,39,12.4%,22,10,12,10
13K266,M.S. K266 - Park Place Community Middle School,165,11,6.7%,6,s,s,s
13K270,P.S. 270 Johann DeKalb,104,18,17.3%,11,s,s,s
13K282,P.S. 282 Park Slope,615,31,5.0%,13,7,6,16
13K287,P.S. 287 Bailey K. Ashford,129,12,9.3%,9,s,s,s
13K301,Satellite East Middle School,92,12,13.0%,s,s,s,8
13K305,P.S. 305 Dr. Peter Ray,118,17,14.4%,6,s,s,9
13K307,P.S. 307 Daniel Hale Williams,381,59,15.5%,20,s,s,36
13K313,Dock Street School for STEAM Studies,284,20,7.0%,s,s,s,12
13K350,Urban Assembly School of Music and Art,186,19,10.2%,10,s,s,7
13K351,The Urban Assembly Unison School,183,26,14.2%,13,s,s,12
13K412,Brooklyn Community Arts & Media High School (BCAM),461,45,9.8%,28,11,17,14
13K419,"Science Skills Center High School for Science, Tec",588,65,11.1%,25,10,15,36
13K430,Brooklyn Technical High School,"6,017",143,2.4%,9,s,s,93
13K439,Brooklyn International High School,352,55,15.6%,s,s,s,51
13K444,Home Schooling,173,9,5.2%,6,s,s,s
13K483,The Urban Assembly School for Law and Justice,451,14,3.1%,8,s,s,6
13K492,Academy of Arts and Letters,525,6,1.1%,s,s,s,s
13K499,ACORN Community High School,101,13,12.9%,7,s,s,s
13K527,Urban Assembly Institute of Math and Science for Y,498,49,9.8%,23,12,11,23
13K553,Brooklyn Academy High School,162,26,16.0%,16,9,7,6
13K594,Gotham Professional Arts Academy,160,20,12.5%,13,7,6,6
13K595,Bedford Academy High School,388,15,3.9%,6,s,s,8
13K605,George Westinghouse Career and Technical Education,745,43,5.8%,19,11,8,22
13K616,Brooklyn High School for Leadership and Community,192,27,14.1%,15,8,7,7
13K670,Benjamin Banneker Academy,807,47,5.8%,15,s,s,28
13K674,"City Polytechnic High School of Engineering, Archi",432,20,4.6%,6,s,s,13
13K691,Fort Greene Preparatory Academy,211,33,15.6%,14,s,s,11
13K700,Universal Pre-K C.B.O.,633,29,4.6%,17,s,s,12
13K869,District 13 PRE-K Center,74,s,s,s,s,s,s
13K915,I.S. 915,289,6,2.1%,s,s,s,s
14K016,P.S. 016 Leonard Dunkly,202,39,19.3%,16,s,s,20
14K017,P.S. 017 Henry D. Woodworth,309,39,12.6%,14,s,s,25
14K018,P.S. 018 Edward Bush,200,42,21.0%,s,s,s,40
14K023,P.S. 023 Carter G. Woodson,293,94,32.1%,25,14,11,67
14K031,P.S. 031 Samuel F. Dupont,625,149,23.8%,9,s,s,140
14K034,P.S. 034 Oliver H. Perry,484,15,3.1%,s,s,s,10
14K050,J.H.S. 050 John D. Wells,333,39,11.7%,14,8,6,22
14K059,P.S. 059 William Floyd,339,47,13.9%,35,24,11,12
14K071,Juan Morel Campos Secondary School,495,74,14.9%,18,12,6,51
14K084,P.S. 084 Jose De Diego,742,77,10.4%,12,s,s,65
14K110,P.S. 110 The Monitor,609,9,1.5%,s,s,s,s
14K120,P.S. 120 Carlos Tapia,382,108,28.3%,26,s,s,78
14K126,John Ericsson Middle School 126,325,52,16.0%,14,s,s,36
14K132,P.S. 132 The Conselyea School,723,31,4.3%,16,s,s,13
14K147,P.S. 147 Isaac Remsen,362,51,14.1%,15,s,s,36
14K157,P.S./I.S. 157 The Benjamin Franklin Health & Scien,405,24,5.9%,18,s,s,s
14K196,P.S. 196 Ten Eyck,325,69,21.2%,16,s,s,53
14K250,P.S. 250 George H. Lindsay,427,62,14.5%,12,s,s,49
14K257,P.S. 257 John F. Hylan,569,68,12.0%,34,s,s,33
14K297,P.S. 297 Abraham Stockton,209,59,28.2%,18,s,s,40
14K318,I.S. 318 Eugenio Maria De Hostos,"1,270",77,6.1%,19,8,11,57
14K319,P.S. 319,127,s,s,s,s,s,s
14K380,P.S. 380 John Wayne Elementary,532,54,10.2%,16,s,s,36
14K414,Brooklyn Arbor Elementary School,615,25,4.1%,12,s,s,13
14K444,Home Schooling,142,6,4.2%,s,s,s,s
14K449,"Brooklyn Latin School, The",783,21,2.7%,s,s,s,16
14K454,The Williamsburg High School of Art and Technology,318,39,12.3%,18,s,s,18
14K474,PROGRESS High School for Professional Careers,623,97,15.6%,35,23,12,53
14K477,East Williamsburg Scholars Academy,312,60,19.2%,15,8,7,39
14K478,"The High School for Enterprise, Business and Techn",763,64,8.4%,29,16,13,30
14K488,Brooklyn Preparatory High School,539,49,9.1%,23,12,11,24
14K558,Williamsburg High School for Architecture and Desi,587,26,4.4%,s,s,s,21
14K561,Williamsburg Preparatory School,693,29,4.2%,8,s,s,21
14K577,Conselyea Preparatory School,484,30,6.2%,s,s,s,29
14K582,M.S. 582,334,61,18.3%,18,11,7,43
14K586,Lyons Community School,451,65,14.4%,25,17,8,39
14K610,A-Tech High School,309,22,7.1%,13,s,s,9
14K614,Young Women's Leadership School of Brooklyn,378,41,10.8%,17,10,7,22
14K685,El Puente Academy for Peace and Justice,224,33,14.7%,10,s,s,22
14K700,Universal Pre-K C.B.O.,929,42,4.5%,10,s,s,31
15K001,P.S. 001 The Bergen,"1,102",27,2.5%,7,s,s,20
15K010,"Magnet School of Math, Science and Design Technolo",962,25,2.6%,s,s,s,18
15K015,P.S. 015 Patrick F. Daly,475,53,11.2%,27,21,6,24
15K024,P.S. 024,605,95,15.7%,23,s,s,71
15K029,P.S. 029 John M. Harrigan,938,s,s,s,s,s,s
15K032,P.S. 032 Samuel Mills Sprole,457,46,10.1%,17,11,6,29
15K038,P.S. 038 The Pacific,605,27,4.5%,9,s,s,16
15K039,P.S. 039 Henry Bristow,422,s,s,s,s,s,s
15K051,M.S. 51 William Alexander,"1,155",42,3.6%,s,s,s,36
15K058,P.S. 058 The Carroll,"1,003",6,0.6%,s,s,s,s
15K088,J.H.S. 088 Peter Rouget,"1,457",44,3.0%,13,s,s,30
15K094,P.S. 094 The Henry Longfellow,"1,224",50,4.1%,s,s,s,45
15K107,P.S. 107 John W. Kimball,568,s,s,s,s,s,s
15K118,The Maurice Sendak Community School,342,s,s,s,s,s,s
15K124,P.S. 124 Silas B. Dutcher,286,27,9.4%,s,s,s,22
15K130,P.S. 130 The Parkside,881,35,4.0%,6,s,s,28
15K131,P.S. 131 Brooklyn,853,84,9.8%,s,s,s,83
15K136,I.S. 136 Charles O. Dewey,542,31,5.7%,23,15,8,7
15K146,"The Brooklyn New School, P.S. 146",728,10,1.4%,s,s,s,7
15K154,The Windsor Terrace School,536,s,s,s,s,s,s
15K169,P.S. 169 Sunset Park,"1,302",103,7.9%,7,s,s,85
15K172,P.S. 172 Beacon School of Excellence,593,12,2.0%,s,s,s,10
15K230,P.S. 230 Doris L. Cohen,"1,109",195,17.6%,17,s,s,178
15K261,P.S. 261 Philip Livingston,796,28,3.5%,10,s,s,17
15K295,P.S. 295,446,22,4.9%,19,s,s,s
15K321,P.S. 321 William Penn,"1,397",s,s,s,s,s,s
15K418,The Children's School,302,s,s,s,s,s,s
15K423,Brooklyn Frontiers High School,203,19,9.4%,12,6,6,6
15K429,Digital Arts and Cinema Technology High School,280,14,5.0%,8,s,s,6
15K442,M.S. 442 Carroll Gardens School for Innovation,343,10,2.9%,s,s,s,7
15K443,New Voices School of Academic & Creative Arts,586,12,2.0%,s,s,s,10
15K444,Home Schooling,246,s,s,s,s,s,s
15K447,The Math & Science Exploratory School,568,9,1.6%,6,s,s,s
15K448,Brooklyn Collaborative Studies,648,41,6.3%,11,s,s,23
15K462,John Jay School for Law,442,43,9.7%,22,10,12,16
15K463,Cyberarts Studio Academy,273,20,7.3%,6,s,s,11
15K464,Park Slope Collegiate,706,37,5.2%,11,s,s,22
15K497,The Boerum Hill School for International Studies,821,47,5.7%,13,s,s,32
15K516,Sunset Park Avenues Elementary School,463,38,8.2%,s,s,s,34
15K519,Cobble Hill School of American Studies,517,72,13.9%,39,23,16,26
15K529,West Brooklyn Community High School,234,14,6.0%,s,s,s,11
15K592,Khalil Gibran International Academy,199,20,10.1%,10,s,s,9
15K656,Brooklyn High School of the Arts,915,41,4.5%,25,16,9,16
15K667,Sunset Park High School,"1,241",95,7.7%,22,15,7,66
15K676,Red Hook Neighborhood School,120,34,28.3%,16,10,6,16
15K684,Millennium Brooklyn HS,685,7,1.0%,s,s,s,7
15K698,South Brooklyn Community High School,210,16,7.6%,s,s,s,8
15K700,Universal Pre-K C.B.O.,"1,426",64,4.5%,11,s,s,51
15K767,The Little Brooklyn Pre-K Center,189,7,3.7%,s,s,s,s
15K821,Sunset Park Prep,542,47,8.7%,13,s,s,33
15K839,M.S. 839,371,22,5.9%,s,s,s,18
15K863,Pre-K Center at Bishop Ford School Site,477,9,1.9%,s,s,s,6
15K896,The School of Creativity and Innovation,101,s,s,s,s,s,s
16K005,P.S. 005 Dr. Ronald McNair,257,65,25.3%,37,28,9,27
16K021,P.S. 021 Crispus Attucks,585,71,12.1%,32,s,s,39
16K025,P.S. 025 Eubie Blake School,71,14,19.7%,s,s,s,6
16K026,P.S. 026 Jesse Owens,251,30,12.0%,22,16,6,8
16K028,P.S. 028 The Warren Prep Academy,89,14,15.7%,6,s,s,6
16K035,M.S. 035 Stephen Decatur,201,40,19.9%,23,13,10,16
16K040,P.S. 040 George W. Carver,400,80,20.0%,47,27,20,33
16K057,Whitelaw Reid Academy of Arts and Business,124,32,25.8%,21,s,s,11
16K081,P.S. 081 Thaddeus Stevens,299,88,29.4%,58,40,18,29
16K243,P.S. 243K- The Weeksville School,227,30,13.2%,14,8,6,12
16K262,P.S. 262 El Hajj Malik El Shabazz Elementary Schoo,161,26,16.1%,18,s,s,8
16K267,"M.S. 267 Math, Science & Technology",203,27,13.3%,14,s,s,10
16K308,P.S. 308 Clara Cardwell,256,75,29.3%,41,30,11,29
16K309,P.S. 309 The George E. Wibecan Preparatory Academy,209,31,14.8%,14,s,s,15
16K335,P.S. 335 Granville T. Woods,224,51,22.8%,31,19,12,17
16K444,Home Schooling,94,10,10.6%,s,s,s,s
16K455,Boys and Girls High School,443,55,12.4%,32,17,15,19
16K498,Brooklyn High School for Law and Technology,574,67,11.7%,37,20,17,21
16K627,Brighter Choice Community School,333,62,18.6%,42,29,13,19
16K628,Brooklyn Brownstone School,289,14,4.8%,6,s,s,7
16K669,Research and Service High School,315,37,11.7%,21,6,15,9
16K681,Madiba Prep Middle School,231,43,18.6%,24,13,11,17
16K688,The Brooklyn Academy of Global Finance,129,12,9.3%,10,s,s,s
16K700,Universal Pre-K C.B.O.,618,41,6.6%,24,16,8,16
16K765,Nelson Mandela High School,209,31,14.8%,20,12,8,9
16K898,The Brooklyn Green School,91,14,15.4%,6,s,s,s
17K002,Parkside Preparatory Academy,445,52,11.7%,15,7,8,32
17K006,Norma Adams Clemons Academy,681,89,13.1%,56,46,10,28
17K012,Dr. Jacqueline Peek-Davis School,241,40,16.6%,15,s,s,24
17K061,M.S. 061 Dr. Gladstone H. Atwell,568,83,14.6%,37,25,12,46
17K091,P.S. 091 The Albany Avenue School,241,33,13.7%,23,16,7,10
17K092,P.S. 092 Adrian Hegeman,367,44,12.0%,18,8,10,25
17K122,Pathways in Technology Early College High School (,578,46,8.0%,22,7,15,21
17K138,P.S. 138 Brooklyn,548,80,14.6%,54,40,14,26
17K161,P.S. 161 The Crown,360,78,21.7%,53,46,7,25
17K181,P.S. 181 Brooklyn,650,53,8.2%,30,20,10,19
17K189,P.S. 189 The Bilingual Center,"1,012",167,16.5%,60,30,30,85
17K191,P.S. 191 Paul Robeson,189,71,37.6%,44,37,7,21
17K221,P.S. 221 Toussaint L'Ouverture,232,35,15.1%,17,s,s,17
17K241,P.S. 241 Emma L. Johnston,462,102,22.1%,12,s,s,87
17K246,M.S. 246 Walt Whitman,435,114,26.2%,36,s,s,77
17K249,P.S. 249 The Caton,862,66,7.7%,13,s,s,52
17K289,P.S. 289 George V. Brower,353,91,25.8%,47,35,12,40
17K316,P.S. 316 Elijah Stroud,606,27,4.5%,11,s,s,s
17K340,I.S. 340,198,16,8.1%,7,s,s,9
17K352,Ebbets Field Middle School,140,28,20.0%,8,s,s,17
17K353,Elijah Stroud Middle School,168,28,16.7%,10,s,s,12
17K354,The School of Integrated Learning,387,51,13.2%,16,s,s,33
17K375,P.S. 375 Jackie Robinson School,315,70,22.2%,20,s,s,49
17K382,Academy for College Preparation and Career Explora,353,79,22.4%,33,19,14,45
17K394,M.S. K394,333,59,17.7%,27,15,12,31
17K397,P.S. 397 Foster-Laurie,181,12,6.6%,9,s,s,s
17K398,P.S. 398 Walter Weaver,263,128,48.7%,31,23,8,93
17K399,P.S. 399 Stanley Eugene Clark,298,82,27.5%,66,60,6,16
17K408,Academy of Hospitality and Tourism,253,36,14.2%,16,s,s,18
17K444,Home Schooling,282,12,4.3%,9,s,s,s
17K484,Ronald Edmonds Learning Center II,174,42,24.1%,23,13,10,18
17K524,International High School at Prospect Heights,384,69,18.0%,9,s,s,50
17K528,The High School for Global Citizenship,232,40,17.2%,13,s,s,22
17K531,"School for Human Rights, The",347,36,10.4%,14,7,7,18
17K532,New Bridges Elementary,462,81,17.5%,14,s,s,62
17K537,High School for Youth and Community Development at,478,59,12.3%,21,12,9,30
17K539,High School for Service & Learning at Erasmus,299,35,11.7%,10,s,s,25
17K543,"Science, Technology and Research Early College Hig",626,30,4.8%,11,s,s,17
17K546,High School for Public Service: Heroes of Tomorrow,483,39,8.1%,20,13,7,14
17K547,Brooklyn Academy of Science and the Environment,350,32,9.1%,11,s,s,19
17K548,Brooklyn School for Music & Theatre,279,33,11.8%,19,13,6,12
17K568,Brownsville Academy High School,136,20,14.7%,14,7,7,6
17K590,Medgar Evers College Preparatory School,"1,402",69,4.9%,19,12,7,40
17K600,Clara Barton High School,"1,238",95,7.7%,34,23,11,58
17K646,Aspirations Diploma Plus High School,219,23,10.5%,13,7,6,7
17K700,Universal Pre-K C.B.O.,"1,721",99,5.8%,60,43,17,38
17K705,Brooklyn Arts and Science Elementary School,329,34,10.3%,14,s,s,19
17K722,New Heights Middle School,260,37,14.2%,13,s,s,22
17K745,Brooklyn Institute for Liberal Arts,459,48,10.5%,10,s,s,34
17K751,Academy for Health Careers,284,33,11.6%,17,9,8,13
17K770,P.S. 770 New American Academy,298,12,4.0%,7,s,s,s
18K066,P.S. 66,775,47,6.1%,20,13,7,20
18K068,I.S. 068 Isaac Bildersee,264,32,12.1%,10,s,s,18
18K114,P.S. 114 Ryder Elementary,532,111,20.9%,51,36,15,55
18K115,P.S. 115 Daniel Mucatel School,892,76,8.5%,10,s,s,62
18K135,P.S. 135 Sheldon A. Brookner,473,39,8.2%,18,s,s,18
18K208,P.S. 208 Elsa Ebeling,351,37,10.5%,25,s,s,12
18K211,I.S. 211 John Wilson,341,48,14.1%,18,10,8,23
18K219,P.S. 219 Kennedy-King,379,55,14.5%,30,16,14,16
18K233,P.S. 233 Langston Hughes,342,23,6.7%,16,s,s,7
18K235,P.S. 235 Janice Marie Knight School,"1,182",23,1.9%,8,s,s,15
18K244,P.S. 244 Richard R. Green,437,37,8.5%,14,s,s,21
18K268,P.S. 268 Emma Lazarus,338,52,15.4%,37,23,14,14
18K272,P.S. 272 Curtis Estabrook,462,119,25.8%,27,18,9,84
18K276,P.S. 276 Louis Marshall,568,38,6.7%,14,7,7,23
18K279,P.S. 279 Herman Schreiber,354,42,11.9%,13,7,6,28
18K285,I.S. 285 Meyer Levin,735,109,14.8%,28,20,8,75
18K366,The Science And Medicine Middle School,409,46,11.2%,18,12,6,22
18K444,Home Schooling,166,9,5.4%,s,s,s,s
18K563,It Takes a Village Academy,640,60,9.4%,22,12,10,34
18K566,Brooklyn Community High School for Excellence and,202,23,11.4%,s,s,s,15
18K567,Brooklyn Theatre Arts High School,325,24,7.4%,15,9,6,6
18K569,Kurt Hahn Expeditionary Learning School,272,34,12.5%,9,s,s,22
18K576,Victory Collegiate High School,317,26,8.2%,13,s,s,12
18K578,Brooklyn Bridge Academy,203,17,8.4%,8,s,s,9
18K581,"The Middle School of Media, Law and Fine Arts",248,41,16.5%,17,11,6,17
18K588,Middle School for Art and Philosophy,170,22,12.9%,11,s,s,6
18K617,High School for Innovation in Advertising and Medi,224,20,8.9%,s,s,s,13
18K629,Cultural Academy for the Arts and Sciences,261,27,10.3%,15,9,6,12
18K633,High School for Medical Professions,463,37,8.0%,16,7,9,21
18K635,Olympus Academy,220,16,7.3%,s,s,s,10
18K637,Academy for Conservation and the Environment,322,40,12.4%,14,s,s,26
18K642,Urban Action Academy,222,33,14.9%,14,7,7,19
18K673,East Brooklyn Community High School,217,23,10.6%,7,s,s,14
18K700,Universal Pre-K C.B.O.,949,23,2.4%,14,s,s,8
18K763,Brooklyn Science and Engineering Academy,357,16,4.5%,7,s,s,9
19K007,P.S. 007 Abraham Lincoln,820,35,4.3%,13,s,s,21
19K013,P.S. 013 Roberto Clemente,441,82,18.6%,53,43,10,29
19K065,P.S. 065,569,155,27.2%,s,s,s,148
19K089,P.S. 089 Cypress Hills,498,29,5.8%,s,s,s,24
19K108,P.S. 108 Sal Abbracciamento,936,320,34.2%,29,s,s,291
19K149,P.S. 149 Danny Kaye,622,109,17.5%,70,57,13,39
19K158,P.S. 158 Warwick,521,58,11.1%,35,23,12,19
19K159,P.S. 159 Isaac Pitkin,773,75,9.7%,28,18,10,45
19K171,I.S. 171 Abraham Lincoln,404,62,15.3%,12,s,s,50
19K190,P.S. 190 Sheffield,194,38,19.6%,19,s,s,17
19K202,P.S. 202 Ernest S. Jenkyns,382,67,17.5%,38,27,11,27
19K213,P.S. 213 New Lots,273,52,19.0%,29,s,s,22
19K214,P.S. 214 Michael Friedsam,912,94,10.3%,21,s,s,71
19K218,J.H.S. 218 James P. Sinnott,400,86,21.5%,28,22,6,54
19K224,P.S. 224 Hale A. Woodruff,350,42,12.0%,20,s,s,19
19K273,P.S. 273 Wortman,362,73,20.2%,24,s,s,46
19K290,P.S. 290 Juan Morel Campos,456,70,15.4%,29,s,s,41
19K292,J.H.S. 292 Margaret S. Douglas,543,122,22.5%,82,52,30,37
19K306,P.S. 306 Ethan Allen,332,88,26.5%,43,30,13,40
19K325,The Fresh Creek School,186,33,17.7%,18,s,s,6
19K328,P.S. 328 Phyllis Wheatley,329,124,37.7%,114,81,33,9
19K345,P.S. 345 Patrolman Robert Bolden,589,62,10.5%,32,26,6,30
19K346,P.S. 346 Abe Stark,566,57,10.1%,7,s,s,48
19K364,I.S. 364 Gateway,277,32,11.6%,10,s,s,20
19K404,Academy for Young Writers,550,45,8.2%,24,15,9,19
19K409,East New York Family Academy,501,52,10.4%,25,15,10,24
19K422,Spring Creek Community School,535,48,9.0%,30,19,11,17
19K444,Home Schooling,291,27,9.3%,17,s,s,8
19K452,Frederick Douglass Academy VIII Middle School,311,25,8.0%,10,s,s,14
19K502,FDNY - Captain Vernon A. Richard High School for F,272,47,17.3%,31,13,18,14
19K504,High School for Civil Rights,227,44,19.4%,23,11,12,17
19K507,Performing Arts and Technology High School,380,42,11.1%,20,12,8,20
19K510,World Academy for Total Community Health High Scho,207,42,20.3%,18,s,s,24
19K557,Brooklyn Gardens Elementary School,326,113,34.7%,57,41,16,48
19K583,Multicultural High School,324,34,10.5%,8,s,s,24
19K615,Transit Tech Career and Technical Education High S,711,61,8.6%,23,11,12,35
19K618,Academy of Innovative Technology,450,13,2.9%,6,s,s,7
19K639,Brooklyn Lab School,421,45,10.7%,14,6,8,24
19K654,Van Siclen Community Middle School,302,47,15.6%,24,s,s,21
19K659,Cypress Hills Collegiate Preparatory School,349,36,10.3%,9,s,s,26
19K660,W. H. Maxwell Career and Technical Education High,409,61,14.9%,46,24,22,10
19K661,Vista Academy,492,79,16.1%,11,s,s,67
19K662,Liberty Avenue Middle School,535,99,18.5%,36,20,16,55
19K663,School of the Future Brooklyn,171,38,22.2%,19,s,s,19
19K677,East New York Elementary School of Excellence,510,91,17.8%,32,26,6,57
19K678,East New York Middle School of Excellence,259,25,9.7%,15,8,7,10
19K683,School for Classics High School,269,27,10.0%,12,s,s,13
19K700,Universal Pre-K C.B.O.,"1,779",103,5.8%,58,49,9,40
19K760,Highland Park Community School,372,50,13.4%,s,s,s,45
19K764,The Urban Assembly School for Collaborative Health,350,29,8.3%,8,s,s,20
19K907,Legacy School of the Arts,120,26,21.7%,13,s,s,10
20K030,P.S./I.S. 30 Mary White Ovington,"1,014",29,2.9%,s,s,s,26
20K048,P.S. 048 Mapleton,597,22,3.7%,s,s,s,20
20K062,J.H.S. 062 Ditmas,"1,195",147,12.3%,11,s,s,133
20K069,P.S. 69 Vincent D. Grippo School,784,7,0.9%,s,s,s,6
20K102,P.S. 102 The Bayview,"1,420",63,4.4%,s,s,s,59
20K104,P.S./I.S. 104 The Fort Hamilton School,"1,265",29,2.3%,s,s,s,26
20K105,P.S. 105 The Blythebourne,"1,402",13,0.9%,s,s,s,12
20K112,P.S. 112 Lefferts Park,747,36,4.8%,s,s,s,34
20K127,P.S. 127 Mckinley Park,529,11,2.1%,s,s,s,8
20K160,P.S. 160 William T. Sampson,"1,276",8,0.6%,s,s,s,7
20K163,P.S. 163 Bath Beach,635,65,10.2%,s,s,s,62
20K164,P.S. 164 Caesar Rodney,684,59,8.6%,s,s,s,59
20K170,Ralph A. Fabrizio School,"1,035",132,12.8%,s,s,s,127
20K176,P.S. 176 Ovington,"1,247",49,3.9%,s,s,s,44
20K179,P.S. 179 Kensington,820,91,11.1%,s,s,s,87
20K180,The SEEALL Academy,"1,073",33,3.1%,s,s,s,26
20K185,P.S. 185 Walter Kassenbrock,655,8,1.2%,s,s,s,s
20K186,P.S. 186 Dr. Irving A Gladstone,"1,138",17,1.5%,s,s,s,16
20K187,The Christa McAuliffe School\I.S. 187,981,s,s,s,s,s,s
20K192,P.S. 192 - The Magnet School for Math and Science,653,55,8.4%,s,s,s,53
20K200,P.S. 200 Benson School,"1,404",38,2.7%,s,s,s,31
20K201,J.H.S. 201 The Dyker Heights,"1,767",43,2.4%,s,s,s,36
20K204,P.S. 204 Vince Lombardi,"1,130",23,2.0%,s,s,s,23
20K205,P.S. 205 Clarion,"1,328",50,3.8%,6,s,s,43
20K220,J.H.S. 220 John J. Pershing,"1,528",137,9.0%,8,s,s,126
20K223,J.H.S. 223 The Montauk,919,67,7.3%,s,s,s,65
20K227,J.H.S. 227 Edward B. Shallow,"1,679",110,6.6%,s,s,s,100
20K229,P.S. 229 Dyker,"1,266",26,2.1%,s,s,s,22
20K247,P.S. 247 Brooklyn,859,16,1.9%,s,s,s,15
20K259,J.H.S. 259 William McKinley,"1,884",54,2.9%,s,s,s,52
20K264,P.S. 264 Bay Ridge Elementary School For The Arts,470,13,2.8%,s,s,s,13
20K310,The School For Future Leaders,441,s,s,s,s,s,s
20K444,Home Schooling,343,s,s,s,s,s,s
20K445,New Utrecht High School,"3,583",289,8.1%,18,11,7,265
20K485,High School of Telecommunication Arts and Technolo,"1,259",38,3.0%,8,s,s,29
20K490,Fort Hamilton High School,"4,765",243,5.1%,13,7,6,220
20K503,P.S. 503: The School of Discovery,951,320,33.6%,14,s,s,306
20K505,Franklin Delano Roosevelt High School,"3,407",309,9.1%,24,9,15,268
20K506,P.S. 506: The School of Journalism & Technology,746,102,13.7%,s,s,s,97
20K609,Urban Assembly School for Criminal Justice,582,48,8.2%,s,s,s,43
20K682,The Academy of Talented Scholars,425,12,2.8%,s,s,s,12
20K686,Brooklyn School of Inquiry,530,s,s,s,s,s,s
20K700,Universal Pre-K C.B.O.,"2,944",36,1.2%,s,s,s,34
20K748,P.S. 748 Brooklyn School for Global Scholars,511,19,3.7%,s,s,s,18
20K768,District 20 Pre-K Center,"1,428",26,1.8%,6,s,s,19
20K971,"School of Math, Science, and Healthy Living",309,12,3.9%,s,s,s,12
21K090,P.S. 90 Edna Cohen School,596,66,11.1%,10,s,s,45
21K095,P.S. 095 The Gravesend,"1,013",26,2.6%,9,s,s,15
21K096,I.S. 096 Seth Low,857,55,6.4%,11,s,s,43
21K097,P.S. 97 The Highlawn,756,23,3.0%,s,s,s,21
21K098,I.S. 98 Bay Academy,"1,618",s,s,s,s,s,s
21K099,P.S. 099 Isaac Asimov,902,39,4.3%,s,s,s,34
21K100,P.S. 100 The Coney Island School,847,31,3.7%,s,s,s,28
21K101,P.S. 101 The Verrazano,951,18,1.9%,s,s,s,13
21K121,P.S. 121 Nelson A. Rockefeller,343,25,7.3%,s,s,s,20
21K128,P.S. 128 Bensonhurst,473,9,1.9%,s,s,s,8
21K153,P.S. 153 Homecrest,603,24,4.0%,s,s,s,22
21K177,P.S. 177 The Marlboro,"1,011",38,3.8%,s,s,s,35
21K188,P.S. 188 Michael E. Berdy,362,26,7.2%,13,s,s,12
21K199,P.S. 199 Frederick Wachtel,580,50,8.6%,s,s,s,47
21K209,P.S. 209 Margaret Mead,772,64,8.3%,9,s,s,55
21K212,P.S. 212 Lady Deborah Moody,707,61,8.6%,9,s,s,52
21K215,P.S. 215 Morris H. Weiss,839,27,3.2%,s,s,s,26
21K216,P.S. 216 Arturo Toscanini,780,25,3.2%,s,s,s,21
21K225,P.S. K225 - The Eileen E. Zaglin,"1,049",37,3.5%,10,s,s,25
21K226,P.S. 226 Alfred De B. Mason,"1,041",70,6.7%,s,s,s,65
21K228,I.S. 228 David A. Boody,"1,535",54,3.5%,s,s,s,48
21K238,P.S. 238 Anne Sullivan,643,56,8.7%,s,s,s,53
21K239,Mark Twain I.S. 239 for the Gifted & Talented,"1,367",15,1.1%,s,s,s,14
21K253,P.S. 253,975,70,7.2%,s,s,s,70
21K281,I.S. 281 Joseph B Cavallaro,"1,271",50,3.9%,10,s,s,39
21K288,P.S. 288 The Shirley Tanyhill,590,36,6.1%,27,s,s,s
21K303,I.S. 303 Herbert S. Eisenberg,594,51,8.6%,6,s,s,44
21K329,P.S. 329 Surfside,392,58,14.8%,17,7,10,38
21K337,International High School at Lafayette,369,113,30.6%,s,s,s,109
21K344,Rachel Carson High School for Coastal Studies,628,34,5.4%,s,s,s,30
21K348,High School of Sports Management,283,35,12.4%,13,6,7,22
21K410,Abraham Lincoln High School,"1,810",145,8.0%,40,18,22,100
21K444,Home Schooling,306,13,4.2%,8,s,s,s
21K468,Kingsborough Early College School,704,33,4.7%,8,s,s,21
21K525,Edward R. Murrow High School,"3,573",315,8.8%,28,20,8,280
21K540,John Dewey High School,"2,230",187,8.4%,45,20,25,137
21K559,Life Academy High School for Film and Music,294,23,7.8%,s,s,s,20
21K572,Leaders High School,383,30,7.8%,8,s,s,20
21K620,William E. Grady Career and Technical Education Hi,453,48,10.6%,20,6,14,27
21K690,Brooklyn Studio Secondary School,951,25,2.6%,s,s,s,19
21K700,Universal Pre-K C.B.O.,"2,048",26,1.3%,6,s,s,18
21K728,Liberation Diploma Plus,219,17,7.8%,6,s,s,8
21K840,Brooklyn's Daily Discovery Pre-K Center,325,s,s,s,s,s,s
22K014,J.H.S. 014 Shell Bank,561,67,11.9%,22,16,6,43
22K052,P.S. 052 Sheepshead Bay,835,30,3.6%,15,s,s,15
22K078,J.H.S. 078 Roy H. Mann,563,59,10.5%,11,s,s,47
22K109,P.S. 109,535,128,23.9%,101,92,9,26
22K119,P.S. 119 Amersfort,438,41,9.4%,s,s,s,37
22K134,P.S. K134,623,38,6.1%,s,s,s,38
22K139,P.S. 139 Alexine A. Fenty,910,94,10.3%,10,s,s,82
22K152,School of Science & Technology,619,78,12.6%,20,s,s,58
22K193,P.S. 193 Gil Hodges,657,42,6.4%,s,s,s,39
22K194,P.S. 194 Raoul Wallenberg,581,89,15.3%,30,s,s,57
22K195,P.S. 195 Manhattan Beach,492,s,s,s,s,s,s
22K197,P.S. 197 - The Kings Highway Academy,887,93,10.5%,s,s,s,91
22K198,P.S. 198 Brooklyn,393,70,17.8%,34,26,8,36
22K203,P.S. 203 Floyd Bennett School,618,65,10.5%,10,s,s,50
22K206,P.S. 206 Joseph F Lamb,"1,555",50,3.2%,s,s,s,47
22K207,P.S. 207 Elizabeth G. Leary,"1,110",11,1.0%,s,s,s,6
22K217,P.S. 217 Colonel David Marcus School,"1,151",112,9.7%,16,7,9,96
22K222,P.S. 222 Katherine R. Snyder,868,8,0.9%,s,s,s,s
22K234,J.H.S. 234 Arthur W. Cunningham,"1,595",107,6.7%,s,s,s,106
22K236,P.S. 236 Mill Basin,610,19,3.1%,s,s,s,16
22K240,Andries Hudde,701,107,15.3%,30,19,11,74
22K245,P.S. 245,276,22,8.0%,s,s,s,16
22K251,P.S. 251 Paerdegat,450,52,11.6%,24,14,10,26
22K254,P.S. 254 Dag Hammarskjold,764,10,1.3%,s,s,s,9
22K255,P.S. 255 Barbara Reing School,885,91,10.3%,s,s,s,90
22K277,P.S. 277 Gerritsen Beach,426,s,s,s,s,s,s
22K278,J.H.S. 278 Marine Park,"1,222",90,7.4%,6,s,s,84
22K312,P.S. 312 Bergen Beach,746,52,7.0%,6,s,s,45
22K315,P.S. K315,658,90,13.7%,19,11,8,67
22K326,P.S. 326,148,s,s,s,s,s,s
22K361,P.S. 361 East Flatbush Early Childhood School,584,117,20.0%,34,24,10,83
22K381,I. S. 381,300,22,7.3%,7,s,s,15
22K405,Midwood High School,"4,066",222,5.5%,19,10,9,200
22K425,James Madison High School,"3,946",224,5.7%,14,6,8,207
22K444,Home Schooling,499,19,3.8%,s,s,s,17
22K535,Leon M. Goldstein High School for the Sciences,989,6,0.6%,s,s,s,s
22K555,Brooklyn College Academy,664,17,2.6%,s,s,s,12
22K611,Origins High School,432,45,10.4%,10,s,s,33
22K630,Professional Pathways High School,243,14,5.8%,s,s,s,10
22K700,Universal Pre-K C.B.O.,"1,803",28,1.6%,10,s,s,18
22K853,The Joan Snow Pre-K Center,332,s,s,s,s,s,s
22K889,P.S. 889,198,10,5.1%,s,s,s,7
22K890,M.S. 890,298,23,7.7%,6,s,s,17
23K041,P.S. 041 Francis White,323,67,20.7%,35,26,9,28
23K137,P.S./I.S. 137 Rachel Jean Mitchell,193,33,17.1%,22,s,s,10
23K150,P.S. 150 Christopher,195,38,19.5%,22,s,s,9
23K155,P.S./ I.S. 155 Nicholas Herkimer,407,85,20.9%,54,47,7,29
23K156,P.S. 156 Waverly,610,103,16.9%,85,66,19,17
23K165,P.S. 165 Ida Posner,309,49,15.9%,26,16,10,19
23K178,P.S. 178 Saint Clair Mckelway,336,88,26.2%,57,43,14,30
23K184,P.S. 184 Newport,522,114,21.8%,63,36,27,31
23K284,"The Gregory Jocko Jackson School of Sports, Art, a",300,41,13.7%,35,26,9,6
23K298,P.S. 298 Dr. Betty Shabazz,314,76,24.2%,45,30,15,30
23K323,P.S./I.S. 323,590,114,19.3%,97,81,16,13
23K327,P.S. 327 Dr. Rose B. English,298,63,21.1%,45,35,10,17
23K363,Brownsville Collaborative Middle School,275,62,22.5%,40,29,11,18
23K392,I.S. 392,321,27,8.4%,16,6,10,11
23K401,Christopher Avenue Community School,339,116,34.2%,97,s,s,18
23K444,Home Schooling,117,14,12.0%,12,s,s,s
23K446,Riverdale Avenue Community School,370,74,20.0%,45,38,7,29
23K493,Brooklyn Collegiate: A College Board School,334,40,12.0%,24,16,8,16
23K514,Frederick Douglass Academy VII High School,143,24,16.8%,18,9,9,6
23K518,Kappa V (Knowledge and Power Preparatory Academy),178,34,19.1%,16,7,9,16
23K522,Mott Hall IV,149,20,13.4%,11,s,s,7
23K599,Brooklyn Landmark Elementary School,420,58,13.8%,32,22,10,24
23K643,Brooklyn Democracy Academy,204,24,11.8%,13,s,s,7
23K644,Eagle Academy for Young Men II,646,68,10.5%,43,22,21,23
23K647,Metropolitan Diploma Plus High School,253,32,12.6%,21,10,11,9
23K664,Brooklyn Environmental Exploration School (BEES),186,42,22.6%,32,20,12,8
23K668,Riverdale Avenue Middle School,153,47,30.7%,25,14,11,19
23K671,Mott Hall Bridges Academy,210,34,16.2%,23,16,7,10
23K697,Teachers Preparatory High School,182,41,22.5%,32,15,17,7
23K700,Universal Pre-K C.B.O.,795,52,6.5%,27,s,s,21
24Q005,I.S. 5 - The Walter Crowley Intermediate School,"1,795",65,3.6%,43,36,7,22
24Q007,P.S. 007 Louis F. Simeone,"1,346",101,7.5%,20,s,s,79
24Q012,P.S. 012 James B. Colgate,"1,144",135,11.8%,s,s,s,132
24Q013,P.S. 013 Clement C. Moore,"1,417",294,20.7%,s,s,s,290
24Q014,P.S. 014 Fairview,"1,417",76,5.4%,8,s,s,65
24Q016,P.S. Q016 The Nancy DeBenedittis School,"1,417",363,25.6%,s,s,s,358
24Q019,P.S. 019 Marino Jeantet,"1,863",283,15.2%,7,s,s,276
24Q028,P.S. 28 - The Thomas Emanuel Early Childhood Cente,473,39,8.2%,s,s,s,37
24Q049,P.S. 049 Dorothy Bonawit Kole,"1,220",71,5.8%,s,s,s,71
24Q058,P.S. 58 - The School of Heroes,980,37,3.8%,8,s,s,28
24Q061,I.S. 061 Leonardo Da Vinci,"2,333",313,13.4%,14,s,s,298
24Q068,P.S. 068 Cambridge,548,34,6.2%,6,s,s,27
24Q071,P.S. 071 Forest,712,30,4.2%,6,s,s,24
24Q073,I.S. 73 - The Frank Sansivieri Intermediate School,"2,079",126,6.1%,10,s,s,112
24Q077,I.S. 077,926,90,9.7%,9,s,s,76
24Q081,P.S. 81Q Jean Paul Richter,639,87,13.6%,8,s,s,79
24Q087,P.S./I.S. 087 Middle Village,621,19,3.1%,6,s,s,13
24Q088,P.S. 088 Seneca,813,24,3.0%,8,s,s,15
24Q089,P.S. 089 Elmhurst,"1,724",209,12.1%,9,s,s,198
24Q091,P.S. 091 Richard Arkwright,793,25,3.2%,s,s,s,18
24Q093,I.S. 093 Ridgewood,"1,174",87,7.4%,s,s,s,82
24Q102,P.S. 102 Bayview,"1,317",114,8.7%,53,s,s,59
24Q110,P.S. 110,985,184,18.7%,6,s,s,178
24Q113,P.S./I.S. 113 Anthony J. Pranzo,881,18,2.0%,s,s,s,18
24Q119,P.S./I.S. 119 The Glendale,"1,332",50,3.8%,s,s,s,42
24Q125,I.S. 125 Thom J. McCann Woodside,"1,484",177,11.9%,17,s,s,159
24Q128,"P.S. 128 The Lorraine Tuzzo, Juniper Valley Elemen",968,7,0.7%,s,s,s,6
24Q143,P.S. 143 Louis Armstrong,"1,315",131,10.0%,24,s,s,107
24Q153,P.S. 153 Maspeth Elem,"1,072",21,2.0%,s,s,s,18
24Q199,P.S. 199 Maurice A. Fitzgerald,696,101,14.5%,55,s,s,46
24Q211,Elm Tree Elementary School,693,264,38.1%,6,s,s,256
24Q229,P.S. 229 Emanuel Kaplan,"1,414",78,5.5%,24,s,s,54
24Q236,International High School for Health Sciences,303,81,26.7%,s,s,s,78
24Q239,P.S. 239,521,85,16.3%,s,s,s,81
24Q264,Academy of Finance and Enterprise,685,32,4.7%,s,s,s,28
24Q267,High School of Applied Communication,407,13,3.2%,s,s,s,7
24Q290,A.C.E. Academy for Scholars at the Geraldine Ferra,590,21,3.6%,s,s,s,18
24Q293,Civic Leadership Academy,656,30,4.6%,6,s,s,23
24Q296,Pan American International High School,458,79,17.2%,s,s,s,76
24Q299,Bard High School Early College Queens,640,7,1.1%,s,s,s,s
24Q305,Learners and Leaders,570,80,14.0%,s,s,s,80
24Q307,Pioneer Academy,876,86,9.8%,s,s,s,84
24Q311,Corona Arts & Sciences Academy,786,124,15.8%,s,s,s,121
24Q330,Helen M. Marshall School,512,136,26.6%,s,s,s,128
24Q331,Mosaic Pre-K Center,"1,047",49,4.7%,11,s,s,36
24Q343,The Children's Lab School,497,45,9.1%,9,s,s,36
24Q444,Home Schooling,393,17,4.3%,9,s,s,8
24Q455,Newtown High School,"1,756",169,9.6%,34,22,12,132
24Q485,Grover Cleveland High School,"1,707",136,8.0%,14,s,s,118
24Q520,Middle College High School at LaGuardia Community,514,12,2.3%,s,s,s,10
24Q530,International High School at LaGuardia Community C,536,110,20.5%,s,s,s,101
24Q550,High School for Arts and Business,773,39,5.0%,11,s,s,28
24Q560,"Robert F. Wagner, Jr. Secondary School for Arts an",653,23,3.5%,6,s,s,16
24Q585,Maspeth High School,"1,238",22,1.8%,s,s,s,17
24Q600,Queens Technical High School,"1,464",49,3.3%,s,s,s,42
24Q610,Aviation Career & Technical Education High School,"2,067",24,1.2%,s,s,s,23
24Q700,Universal Pre-K C.B.O.,"2,365",156,6.6%,15,s,s,139
24Q744,VOYAGES Preparatory,249,14,5.6%,7,s,s,7
25Q020,P.S. 020 John Bowne,"1,227",68,5.5%,8,s,s,57
25Q021,P.S. 021 Edward Hart,"1,357",229,16.9%,s,s,s,226
25Q022,P.S. 022 Thomas Jefferson,881,52,5.9%,s,s,s,51
25Q024,P.S. 024 Andrew Jackson,"1,150",125,10.9%,s,s,s,121
25Q025,I.S. 025 Adrien Block,"1,100",71,6.5%,s,s,s,69
25Q029,P.S. 029 Queens,737,50,6.8%,9,s,s,38
25Q032,P.S. 032 State Street,"1,043",29,2.8%,s,s,s,28
25Q079,P.S. 079 Francis Lewis,"1,108",29,2.6%,s,s,s,28
25Q107,P.S. 107 Thomas A Dooley,960,95,9.9%,s,s,s,91
25Q120,P.S. 120 Queens,927,16,1.7%,s,s,s,15
25Q129,P.S. 129 Patricia Larkin,"1,133",59,5.2%,s,s,s,57
25Q130,P.S. 130,403,s,s,s,s,s,s
25Q154,P.S. 154 Queens,665,16,2.4%,s,s,s,12
25Q163,P.S. 163 Flushing Heights,831,12,1.4%,s,s,s,11
25Q164,P.S. 164 Queens Valley,692,27,3.9%,s,s,s,26
25Q165,P.S. 165 Edith K. Bergtraum,774,61,7.9%,11,s,s,50
25Q169,P.S. 169 Bay Terrace,395,s,s,s,s,s,s
25Q184,P.S. 184 Flushing Manor,536,25,4.7%,s,s,s,25
25Q185,J.H.S. 185 Edward Bleeker,"1,492",117,7.8%,s,s,s,106
25Q189,J.H.S. 189 Daniel Carter Beard,755,57,7.5%,s,s,s,53
25Q193,P.S. 193 Alfred J. Kennedy,589,s,s,s,s,s,s
25Q194,J.H.S. 194 William Carr,"1,310",57,4.4%,s,s,s,55
25Q200,P.S./M.S. 200 - The Magnet School of Global Studie,559,28,5.0%,9,s,s,18
25Q201,P.S. 201 The Discovery School for Inquiry and Rese,479,29,6.1%,21,s,s,7
25Q209,P.S. 209 Clearview Gardens,568,6,1.1%,s,s,s,s
25Q214,P.S. 214 Cadwallader Colden,431,16,3.7%,s,s,s,13
25Q219,P.S. 219 Paul Klapper,650,71,10.9%,s,s,s,68
25Q237,I.S. 237,"1,380",71,5.1%,8,s,s,61
25Q240,Veritas Academy,614,37,6.0%,s,s,s,33
25Q241,Queens High School for Language Studies,447,17,3.8%,s,s,s,15
25Q242,P.S. 242 Leonard P. Stavisky Early Childhood Schoo,409,s,s,s,s,s,s
25Q244,The Active Learning Elementary School,473,s,s,s,s,s,s
25Q250,I.S. 250 The Robert F. Kennedy Community Middle Sc,377,46,12.2%,s,s,s,39
25Q252,"Queens School of Inquiry, The",600,8,1.3%,s,s,s,8
25Q263,Flushing International High School,454,82,18.1%,s,s,s,74
25Q281,East-West School of International Studies,672,s,s,s,s,s,s
25Q285,World Journalism Preparatory: A College Board Scho,615,26,4.2%,s,s,s,23
25Q294,BELL Academy,361,s,s,s,s,s,s
25Q379,College Point Collaborative,352,16,4.5%,s,s,s,14
25Q409,District 25 PRE-K Center,234,6,2.6%,s,s,s,s
25Q425,John Bowne High School,"3,498",144,4.1%,30,21,9,109
25Q444,Home Schooling,309,10,3.2%,s,s,s,8
25Q460,Flushing High School,"1,530",151,9.9%,15,9,6,132
25Q499,"The Queens College School for Math, Science and Te",524,8,1.5%,s,s,s,8
25Q525,Townsend Harris High School,"1,221",7,0.6%,s,s,s,s
25Q540,Queens Academy High School,426,14,3.3%,s,s,s,10
25Q670,Robert F. Kennedy Community High School,688,26,3.8%,s,s,s,19
25Q700,Universal Pre-K C.B.O.,"1,817",27,1.5%,s,s,s,20
25Q792,North Queens Community High School,177,10,5.6%,s,s,s,s
26Q018,P.S. 018 Winchester,522,14,2.7%,s,s,s,12
26Q026,P.S. 026 Rufus King,728,13,1.8%,s,s,s,13
26Q031,P.S. 031 Bayside,521,s,s,s,s,s,s
26Q041,P.S. 041 Crocheron,480,9,1.9%,s,s,s,9
26Q046,P.S. 046 Alley Pond,564,20,3.5%,s,s,s,20
26Q067,J.H.S. 067 Louis Pasteur,"1,063",23,2.2%,s,s,s,21
26Q074,J.H.S. 074 Nathaniel Hawthorne,"1,170",18,1.5%,s,s,s,18
26Q094,P.S. 094 David D. Porter,355,15,4.2%,s,s,s,15
26Q098,P.S. 098 The Douglaston School,292,s,s,s,s,s,s
26Q115,The James J. Ambrose School,818,9,1.1%,s,s,s,9
26Q133,P.S. 133 Queens,614,19,3.1%,s,s,s,19
26Q158,M.S. 158 Marie Curie,"1,098",35,3.2%,s,s,s,31
26Q159,P.S. 159,686,37,5.4%,s,s,s,35
26Q162,P.S. 162 John Golden,663,9,1.4%,s,s,s,8
26Q172,Irwin Altman Middle School 172,"1,031",16,1.6%,s,s,s,15
26Q173,P.S. 173 Fresh Meadows,984,32,3.3%,s,s,s,31
26Q178,P.S./ IS 178 Holliswood,581,16,2.8%,s,s,s,14
26Q186,P.S. 186 Castlewood,383,9,2.3%,s,s,s,9
26Q188,P.S. 188 Kingsbury,725,10,1.4%,s,s,s,10
26Q191,P.S. 191 Mayflower,393,38,9.7%,s,s,s,38
26Q203,P.S. 203 Oakland Gardens,872,s,s,s,s,s,s
26Q205,P.S. 205 Alexander Graham Bell,315,8,2.5%,s,s,s,8
26Q213,P.S. 213 The Carl Ullman School,491,24,4.9%,s,s,s,23
26Q216,J.H.S. 216 George J. Ryan,"1,612",125,7.8%,s,s,s,120
26Q221,P.S. 221 The North Hills School,654,s,s,s,s,s,s
26Q266,P.S./I.S. 266,636,8,1.3%,s,s,s,s
26Q315,Business Technology Early College High School,567,32,5.6%,6,s,s,24
26Q376,P.S. 376,250,14,5.6%,s,s,s,14
26Q415,Benjamin N. Cardozo High School,"3,446",108,3.1%,19,12,7,83
26Q430,Francis Lewis High School,"4,526",202,4.5%,9,s,s,188
26Q435,Martin Van Buren High School,"1,179",52,4.4%,18,s,s,32
26Q444,Home Schooling,223,s,s,s,s,s,s
26Q495,Bayside High School,"2,884",137,4.8%,6,s,s,122
26Q566,"Queens High School of Teaching, Liberal Arts and t","1,020",30,2.9%,s,s,s,25
26Q700,Universal Pre-K C.B.O.,"1,031",11,1.1%,s,s,s,9
27Q042,P.S./M.S 042 R. Vernam,650,62,9.5%,37,29,8,23
27Q043,P.S. 043,862,131,15.2%,56,44,12,58
27Q045,P.S. 045 Clarence Witherspoon,348,57,16.4%,45,38,7,12
27Q047,P.S. 047 Chris Galas,258,9,3.5%,s,s,s,8
27Q051,P.S. 051,224,10,4.5%,s,s,s,9
27Q053,M.S. 053 Brian Piccolo,185,40,21.6%,18,s,s,20
27Q056,P.S. 056 Harry Eichler,383,26,6.8%,s,s,s,21
27Q060,P.S. 060 Woodhaven,"1,165",52,4.5%,7,s,s,44
27Q062,P. S. 62 - Chester Park School,948,15,1.6%,10,s,s,s
27Q063,P.S. 063 Old South,"1,221",50,4.1%,21,s,s,26
27Q064,P.S. 064 Joseph P. Addabbo,537,11,2.0%,s,s,s,6
27Q065,P.S. 65 - The Raymond York Elementary School,475,26,5.5%,s,s,s,22
27Q066,P.S. 066 Jacqueline Kennedy Onassis,511,21,4.1%,6,s,s,15
27Q090,P.S. 090 Horace Mann,772,62,8.0%,8,s,s,52
27Q096,P.S. 096,317,17,5.4%,s,s,s,13
27Q097,P.S. 097 Forest Park,694,24,3.5%,6,s,s,18
27Q100,P.S. 100 Glen Morris,916,17,1.9%,s,s,s,14
27Q104,P.S. 104 The Bays Water,665,50,7.5%,19,s,s,31
27Q105,P.S. 105 The Bay School,845,94,11.1%,45,32,13,46
27Q106,Lighthouse Elementary School,199,31,15.6%,15,s,s,16
27Q108,P.S. 108 Captain Vincent G. Fowler,"1,399",60,4.3%,15,8,7,45
27Q114,P.S./M.S. 114 Belle Harbor,714,7,1.0%,s,s,s,7
27Q123,P.S. 123,683,56,8.2%,30,21,9,25
27Q124,P.S. 124 Osmond A Church,"1,140",24,2.1%,11,s,s,13
27Q137,M.S. 137 America's School of Heroes,"1,982",30,1.5%,14,6,8,12
27Q146,P.S. 146 Howard Beach,594,18,3.0%,s,s,s,16
27Q155,P.S. 155,568,22,3.9%,s,s,s,16
27Q183,P.S. 183 Dr. Richard R. Green,487,44,9.0%,18,12,6,25
27Q197,P.S. 197 The Ocean School,546,41,7.5%,21,s,s,19
27Q202,J.H.S. 202 Robert H. Goddard,"1,116",44,3.9%,12,s,s,30
27Q207,P.S. 207 Rockwood Park,702,s,s,s,s,s,s
27Q210,J.H.S. 210 Elizabeth Blackwell,"1,861",115,6.2%,20,10,10,89
27Q223,P.S. 223 Lyndon B. Johnson,558,39,7.0%,13,s,s,17
27Q226,J.H.S. 226 Virgil I. Grissom,962,129,13.4%,36,24,12,91
27Q232,P.S. 232 Lindenwood,952,21,2.2%,11,s,s,10
27Q253,P.S. 253,597,121,20.3%,9,s,s,105
27Q254,P.S. 254 - The Rosa Parks School,626,22,3.5%,s,s,s,21
27Q260,Frederick Douglass Academy VI High School,309,39,12.6%,16,10,6,15
27Q261,Voyages Prep - South Queens,319,22,6.9%,7,s,s,11
27Q262,Channel View School for Research,"1,084",32,3.0%,13,6,7,17
27Q273,P.S. 273,314,s,s,s,s,s,s
27Q282,Knowledge and Power Preparatory Academy VI,279,11,3.9%,s,s,s,10
27Q297,Hawtree Creek Middle School,394,15,3.8%,s,s,s,10
27Q302,"Queens High School for Information, Research, and",498,47,9.4%,17,s,s,24
27Q306,New York City Academy for Discovery,396,16,4.0%,6,s,s,10
27Q308,Robert H. Goddard High School of Communication Art,619,s,s,s,s,s,s
27Q309,Academy of Medical Technology: A College Board Sch,696,72,10.3%,16,10,6,53
27Q314,Epic High School - South,413,16,3.9%,6,s,s,10
27Q316,Queens Explorers Elementary School,471,15,3.2%,s,s,s,10
27Q317,Waterside Children's Studio School,526,26,4.9%,15,s,s,6
27Q318,Waterside School For Leadership,226,25,11.1%,s,s,s,20
27Q319,Village Academy,386,53,13.7%,23,s,s,22
27Q323,Scholars' Academy,"1,317",s,s,s,s,s,s
27Q324,Rockaway Park High School for Environmental Sustai,301,30,10.0%,9,s,s,20
27Q333,Goldie Maple Academy,420,8,1.9%,8,s,s,s
27Q334,Epic High School - North,460,28,6.1%,s,s,s,21
27Q336,Curious Young Learners Pre-K Center,829,12,1.4%,7,s,s,s
27Q351,Rockaway Collegiate High School,351,34,9.7%,18,9,9,14
27Q362,Wave Preparatory Elementary School,526,92,17.5%,33,23,10,55
27Q377,P.S. 377,352,19,5.4%,13,s,s,6
27Q400,August Martin High School,400,49,12.3%,20,13,7,24
27Q444,Home Schooling,490,16,3.3%,7,s,s,6
27Q475,Richmond Hill High School,"1,698",108,6.4%,15,s,s,76
27Q480,John Adams High School,"2,552",275,10.8%,36,27,9,234
27Q650,"High School for Construction Trades, Engineering a","1,101",s,s,s,s,s,s
27Q700,Universal Pre-K C.B.O.,"2,190",84,3.8%,30,20,10,51
28Q008,J.H.S. 008 Richard S. Grossley,462,64,13.9%,15,s,s,47
28Q040,P.S. 040 Samuel Huntington,387,47,12.1%,14,8,6,33
28Q048,P.S. 048 William Wordsworth,575,112,19.5%,24,15,9,76
28Q050,P.S. 050 Talfourd Lawn Elementary School,866,76,8.8%,25,s,s,48
28Q054,P.S. 054 Hillside,539,91,16.9%,s,s,s,86
28Q055,P.S. 055 Maure,519,19,3.7%,s,s,s,14
28Q072,Catherine & Count Basie Middle School 72,299,46,15.4%,17,s,s,24
28Q080,PS 80  The Thurgood Marshall Magnet School of Mult,486,55,11.3%,26,s,s,28
28Q082,P.S. 082 Hammond,618,61,9.9%,21,s,s,37
28Q086,P.S. Q086,783,79,10.1%,7,s,s,72
28Q099,P.S. 099 Kew Gardens,751,68,9.1%,11,s,s,57
28Q101,P.S. 101 School in the Gardens,690,s,s,s,s,s,s
28Q117,P.S. 117 J. Keld / Briarwood School,953,77,8.1%,56,s,s,20
28Q121,P.S. 121 Queens,843,22,2.6%,7,s,s,13
28Q139,P.S. 139 Rego Park,742,31,4.2%,s,s,s,28
28Q140,P.S. 140 Edward K Ellington,434,45,10.4%,17,s,s,28
28Q144,P.S. 144 Col Jeromus Remsen,949,15,1.6%,s,s,s,13
28Q157,J.H.S. 157 Stephen A. Halsey,"1,714",73,4.3%,17,9,8,56
28Q160,P.S. 160 Walter Francis Bishop,647,87,13.4%,35,27,8,50
28Q161,P.S. 161 Arthur Ashe School,622,15,2.4%,s,s,s,10
28Q167,Metropolitan Expeditionary Learning School,833,38,4.6%,s,s,s,32
28Q174,P.S. 174 William Sidney Mount,684,13,1.9%,s,s,s,13
28Q175,P.S. 175 The Lynn Gross Discovery School,829,20,2.4%,s,s,s,17
28Q182,P.S. 182 Samantha Smith,696,107,15.4%,18,s,s,89
28Q190,J.H.S. 190 Russell Sage,"1,147",37,3.2%,7,s,s,27
28Q196,P.S. 196 Grand Central Parkway,"1,088",6,0.6%,s,s,s,6
28Q206,P.S. 206 The Horace Harding School,605,16,2.6%,8,s,s,8
28Q217,J.H.S. 217 Robert A. Van Wyck,"1,751",224,12.8%,40,32,8,179
28Q220,P.S. 220 Edward Mandel,714,41,5.7%,s,s,s,39
28Q284,York Early College Academy,641,29,4.5%,12,s,s,16
28Q287,The Emerson School,380,74,19.5%,12,s,s,59
28Q303,The Academy for Excellence through the Arts,281,s,s,s,s,s,s
28Q310,Queens Collegiate: A College Board School,692,45,6.5%,10,s,s,31
28Q312,Jamaica Children's School,235,27,11.5%,14,7,7,7
28Q325,Hillside Arts & Letters Academy,458,35,7.6%,13,7,6,22
28Q328,High School for Community Leadership,468,30,6.4%,s,s,s,25
28Q332,Redwood Middle School,277,20,7.2%,s,s,s,15
28Q335,The Ezra Jack Keats Pre-K Center,261,27,10.3%,6,s,s,21
28Q338,Queens Satellite High School for Opportunity,246,13,5.3%,6,s,s,s
28Q349,The Queens School for Leadership and Excellence,529,66,12.5%,18,s,s,46
28Q350,Jamaica Gateway to the Sciences,508,30,5.9%,6,s,s,22
28Q354,The Jermaine L. Green STEM Institute of Queens,549,59,10.7%,14,7,7,42
28Q358,M.S. 358,363,41,11.3%,7,s,s,34
28Q440,Forest Hills High School,"3,809",161,4.2%,20,11,9,135
28Q444,Home Schooling,445,11,2.5%,s,s,s,9
28Q505,Hillcrest High School,"3,134",215,6.9%,38,29,9,175
28Q620,Thomas A. Edison Career and Technical Education Hi,"2,242",70,3.1%,10,s,s,57
28Q680,Queens Gateway to Health Sciences Secondary School,692,29,4.2%,s,s,s,28
28Q686,Queens Metropolitan High School,"1,145",28,2.4%,s,s,s,24
28Q687,Queens High School for the Sciences at York Colleg,480,11,2.3%,s,s,s,9
28Q690,High School for Law Enforcement and Public Safety,376,22,5.9%,10,s,s,10
28Q700,Universal Pre-K C.B.O.,"2,480",106,4.3%,42,26,16,58
28Q896,"Young Women's Leadership School, Queens",574,13,2.3%,6,s,s,7
29Q015,P.S. 015 Jackie Robinson,412,46,11.2%,13,s,s,32
29Q033,P.S. 033 Edward M. Funk,980,31,3.2%,s,s,s,26
29Q034,P.S. 034 John Harvard,595,68,11.4%,12,s,s,55
29Q035,P.S. 035 Nathaniel Woodhull,713,58,8.1%,15,s,s,42
29Q036,P.S. 036 Saint Albans School,378,58,15.3%,11,s,s,46
29Q037,Cynthia Jenkins School,365,76,20.8%,24,15,9,45
29Q038,P.S. 038 Rosedale,280,21,7.5%,s,s,s,11
29Q052,P.S. 052 Queens,394,133,33.8%,112,99,13,20
29Q059,I.S. 059 Springfield Gardens,615,58,9.4%,15,s,s,37
29Q095,P.S. 095 Eastwood,"1,483",236,15.9%,63,57,6,171
29Q109,Jean Nuzzi Intermediate School,"1,195",85,7.1%,22,16,6,58
29Q116,P.S./I.S. 116 William C. Hughley,849,123,14.5%,65,s,s,56
29Q118,P.S. 118 Lorraine Hansberry,457,47,10.3%,22,s,s,23
29Q131,P.S. 131 Abigail Adams,728,90,12.4%,s,s,s,88
29Q132,P.S. 132 Ralph Bunche,350,29,8.3%,s,s,s,24
29Q134,P.S. 134 Hollis,333,31,9.3%,21,s,s,s
29Q135,The Bellaire School,916,60,6.6%,31,s,s,28
29Q136,P.S. 136 Roy Wilkins,534,53,9.9%,32,20,12,18
29Q138,P.S./M.S. 138 Sunrise,662,47,7.1%,9,s,s,36
29Q147,P.S./M.S. 147 Ronald McNair,580,49,8.4%,15,7,8,26
29Q156,P.S. 156 Laurelton,213,22,10.3%,10,s,s,9
29Q176,P.S. 176 Cambria Heights,738,8,1.1%,s,s,s,s
29Q181,P.S. 181 Brookfield,345,25,7.2%,14,s,s,9
29Q192,I.S. 192 The Linden,498,64,12.9%,20,s,s,38
29Q195,P.S. 195 William Haberle,493,44,8.9%,16,s,s,21
29Q208,P.S./I.S. 208,751,20,2.7%,s,s,s,15
29Q238,I.S. 238 - Susan B. Anthony Academy,"1,297",219,16.9%,53,41,12,164
29Q243,Institute for Health Professions at Cambria Height,458,37,8.1%,s,s,s,29
29Q248,Queens Preparatory Academy,284,31,10.9%,6,s,s,22
29Q251,P.S. 251 Queens,347,47,13.5%,15,s,s,26
29Q259,Pathways College Preparatory School: A College Boa,587,44,7.5%,15,9,6,22
29Q265,Excelsior Preparatory High School,436,33,7.6%,13,6,7,17
29Q268,P.S./I.S. 268,655,46,7.0%,12,s,s,28
29Q270,The Gordon Parks School,760,22,2.9%,9,s,s,13
29Q272,George Washington Carver High School for the Scien,399,30,7.5%,12,6,6,17
29Q283,Preparatory Academy for Writers: A College Board S,566,41,7.2%,11,s,s,27
29Q289,Queens United Middle School,177,15,8.5%,6,s,s,7
29Q295,P.S./I.S. 295,550,59,10.7%,8,s,s,51
29Q313,Benjamin Franklin High School for Finance & Inform,414,39,9.4%,7,s,s,29
29Q326,Cambria Heights Academy,380,32,8.4%,6,s,s,21
29Q327,Eagle Academy for Young Men III,424,37,8.7%,13,s,s,19
29Q355,Collaborative Arts Middle School,348,48,13.8%,17,s,s,28
29Q356,Community Voices Middle School,353,71,20.1%,29,19,10,39
29Q360,P.S. 360,283,18,6.4%,s,s,s,13
29Q381,District 29 Pre-K Center,230,21,9.1%,s,s,s,16
29Q444,Home Schooling,366,14,3.8%,7,s,s,6
29Q492,"Mathematics, Science Research and Technology Magne",418,36,8.6%,s,s,s,29
29Q498,Humanities & Arts Magnet High School,365,30,8.2%,10,s,s,20
29Q700,Universal Pre-K C.B.O.,"1,440",71,4.9%,32,s,s,36
30Q002,P.S. 002 Alfred Zimberg,541,37,6.8%,33,s,s,s
30Q010,I.S. 010 Horace Greeley,808,42,5.2%,6,s,s,35
30Q011,P.S. 011 Kathryn Phelan,941,80,8.5%,13,s,s,67
30Q017,P.S. 017 Henry David Thoreau,599,69,11.5%,7,s,s,62
30Q069,P.S. 069 Jackson Heights,982,19,1.9%,s,s,s,17
30Q070,P.S. 070,833,21,2.5%,s,s,s,17
30Q076,P.S. 076 William Hallet,428,27,6.3%,12,s,s,15
30Q078,P.S./I.S. 78Q,767,8,1.0%,s,s,s,s
30Q084,P.S. 084 Steinway,274,14,5.1%,s,s,s,10
30Q085,P.S. 085 Judge Charles Vallone,666,21,3.2%,s,s,s,17
30Q092,P.S. 092 Harry T. Stewart Sr.,908,8,0.9%,6,s,s,s
30Q111,P.S. 111 Jacob Blackwell,354,85,24.0%,59,40,19,23
30Q112,P.S. 112 Dutch Kills,431,48,11.1%,7,s,s,41
30Q122,P.S. 122 Mamie Fay,"1,379",32,2.3%,s,s,s,29
30Q126,Albert Shanker School for Visual and Performing Ar,643,41,6.4%,7,s,s,30
30Q127,P.S. 127 Aerospace Science Magnet School,"1,233",82,6.7%,32,s,s,50
30Q141,I.S. 141 The Steinway,"1,204",68,5.6%,16,s,s,50
30Q145,I.S. 145 Joseph Pulitzer,"1,685",143,8.5%,7,s,s,136
30Q148,P.S. 148 Queens,788,98,12.4%,s,s,s,94
30Q149,P.S. 149 Christa McAuliffe,945,154,16.3%,s,s,s,149
30Q150,P.S. 150 Queens,"1,026",66,6.4%,s,s,s,61
30Q151,P.S. 151 Mary D. Carter,323,51,15.8%,14,s,s,37
30Q152,P.S. 152 Gwendoline N. Alleyne School,956,212,22.2%,s,s,s,211
30Q166,P.S. 166 Henry Gradstein,961,42,4.4%,8,s,s,34
30Q171,P.S. 171 Peter G. Van Alst,444,60,13.5%,12,s,s,43
30Q204,I.S. 204 Oliver W. Holmes,447,55,12.3%,15,8,7,37
30Q212,P.S. 212,776,s,s,s,s,s,s
30Q222,P.S. Q222 - Fire Fighter Christopher A. Santora Sc,279,16,5.7%,s,s,s,14
30Q227,I.S. 227 Louis Armstrong,"1,578",77,4.9%,8,s,s,68
30Q228,The Ivan Lafayette Early Childhood School of the A,293,36,12.3%,s,s,s,35
30Q230,I.S. 230,"1,214",85,7.0%,s,s,s,80
30Q234,P.S. 234,462,16,3.5%,s,s,s,15
30Q235,Academy for New Americans,115,59,51.3%,s,s,s,57
30Q258,Energy Tech High School,527,17,3.2%,s,s,s,16
30Q280,P.S. 280,596,40,6.7%,s,s,s,38
30Q286,"Young Women's Leadership School, Astoria",579,7,1.2%,s,s,s,7
30Q291,Hunters Point Community Middle School,426,22,5.2%,s,s,s,18
30Q300,The 30th Avenue School (G&T Citywide),561,s,s,s,s,s,s
30Q301,Academy for Careers in Television and Film,554,22,4.0%,s,s,s,17
30Q329,East Elmhurst Community School,453,89,19.6%,s,s,s,82
30Q361,The Woodside Community School,424,44,10.4%,s,s,s,44
30Q384,P.S. 384,109,s,s,s,s,s,s
30Q389,District 30 Pre-K Center,282,24,8.5%,13,s,s,11
30Q398,P.S. 398,131,13,9.9%,s,s,s,12
30Q444,Home Schooling,449,6,1.3%,s,s,s,6
30Q445,William Cullen Bryant High School,"2,342",184,7.9%,39,32,7,140
30Q450,Long Island City High School,"2,203",155,7.0%,58,38,20,92
30Q501,Frank Sinatra School of the Arts High School,858,13,1.5%,s,s,s,9
30Q502,Information Technology High School,960,83,8.6%,10,s,s,73
30Q555,Newcomers High School,898,173,19.3%,s,s,s,170
30Q575,Academy of American Studies,"1,024",9,0.9%,s,s,s,7
30Q580,Baccalaureate School for Global Education,561,s,s,s,s,s,s
30Q700,Universal Pre-K C.B.O.,"1,856",81,4.4%,s,s,s,75
31R001,P.S. 001 Tottenville,438,8,1.8%,s,s,s,8
31R002,I.S. R002 George L. Egbert,"1,076",31,2.9%,6,s,s,23
31R003,P.S. 003 The Margaret Gioiosa School,676,s,s,s,s,s,s
31R004,P.S. 004 Maurice Wollin,769,16,2.1%,s,s,s,14
31R005,P.S. 005 Huguenot,319,8,2.5%,s,s,s,8
31R006,P.S. 6 Corporal Allan F. Kivlehan School,539,10,1.9%,s,s,s,8
31R007,I.S. 007 Elias Bernstein,"1,187",14,1.2%,s,s,s,14
31R008,P.S. 8 Shirlee Solomon,598,8,1.3%,s,s,s,7
31R009,Naples Street Elementary School,321,7,2.2%,s,s,s,6
31R010,Fort Hill Collaborative Elementary School,202,38,18.8%,11,s,s,26
31R011,P.S. 11 Thomas Dongan School,340,14,4.1%,s,s,s,8
31R013,P.S. 013 M. L. Lindemeyer,865,44,5.1%,6,s,s,34
31R016,P.S. 016 John J. Driscoll,466,74,15.9%,33,27,6,39
31R018,P.S. 018 John G. Whittier,496,87,17.5%,21,14,7,61
31R019,P.S. 019 The Curtis School,571,20,3.5%,9,s,s,11
31R020,P.S. 020 Port Richmond,433,30,6.9%,14,s,s,16
31R021,P.S. 21 Margaret Emery-Elm Park,403,30,7.4%,19,s,s,10
31R022,P.S. 022 Graniteville,944,99,10.5%,14,6,8,75
31R023,P.S. 023 Richmondtown,573,18,3.1%,s,s,s,17
31R024,I.S. 024 Myra S. Barnes,"1,401",53,3.8%,s,s,s,48
31R026,P.S. 026 The Carteret School,297,s,s,s,s,s,s
31R027,I.S. 027 Anning S. Prall,"1,072",59,5.5%,16,8,8,39
31R028,The Eagle Academy for Young Men of Staten Island,301,21,7.0%,9,s,s,10
31R029,P.S. 029 Bardwell,647,25,3.9%,10,s,s,15
31R030,P.S. 030 Westerleigh,830,18,2.2%,s,s,s,18
31R031,P.S. 031 William T. Davis,412,43,10.4%,26,20,6,13
31R032,P.S. 032 The Gifford School,681,s,s,s,s,s,s
31R034,I.S. 034 Tottenville,"1,044",10,1.0%,s,s,s,8
31R035,P.S. 35 The Clove Valley School,427,s,s,s,s,s,s
31R036,P.S. 036 J. C. Drumgoole,894,s,s,s,s,s,s
31R038,P.S. 038 George Cromwell,404,12,3.0%,s,s,s,12
31R039,P.S. 39 Francis J. Murphy Jr.,527,32,6.1%,s,s,s,25
31R041,The Stephanie A. Vierno School,707,20,2.8%,7,s,s,10
31R042,P.S. 042 Eltingville,"1,104",20,1.8%,s,s,s,19
31R044,P.S. 044 Thomas C. Brown,739,67,9.1%,37,27,10,25
31R045,P.S. 045 John Tyler,860,45,5.2%,20,14,6,25
31R046,P.S. 046 Albert V. Maniscalco,260,12,4.6%,9,s,s,s
31R047,CSI High School for International Studies,488,s,s,s,s,s,s
31R048,P.S. 048 William G. Wilcox,"1,014",14,1.4%,s,s,s,11
31R049,I.S. 49 Berta A. Dreyfus,571,57,10.0%,18,10,8,32
31R050,P.S. 050 Frank Hankinson,744,s,s,s,s,s,s
31R051,I.S. 051 Edwin Markham,"1,346",97,7.2%,41,24,17,53
31R052,P.S. 052 John C. Thompson,602,28,4.7%,s,s,s,25
31R053,The Barbara Esselborn School,874,18,2.1%,s,s,s,17
31R054,P.S. 054 Charles W. Leng,826,7,0.8%,s,s,s,s
31R055,P.S. 055 Henry M. Boehm,583,s,s,s,s,s,s
31R056,P.S. 56 The Louis Desario School,627,s,s,s,s,s,s
31R057,P.S. 057 Hubert H. Humphrey,665,39,5.9%,7,s,s,30
31R058,Space Shuttle Columbia School,702,35,5.0%,s,s,s,34
31R059,The Harbor View School,303,26,8.6%,s,s,s,23
31R060,P.S. 060 Alice Austen,844,11,1.3%,s,s,s,10
31R061,I.S. 061 William A Morris,995,59,5.9%,33,24,9,25
31R062,The Kathleen Grimm School for Leadership and Susta,383,8,2.1%,s,s,s,8
31R063,Marsh Avenue School for Expeditionary Learning,454,6,1.3%,s,s,s,s
31R064,Gaynor McCown Expeditionary Learning School,427,13,3.0%,s,s,s,11
31R065,P.S. 65 The Academy of Innovative Learning,436,19,4.4%,s,s,s,10
31R066,The Richmond Pre-K Center,716,17,2.4%,s,s,s,12
31R068,Port Richmond School for Visionary Learning,300,36,12.0%,s,s,s,32
31R069,P.S. 069 Daniel D. Tompkins,913,6,0.7%,s,s,s,s
31R072,I.S. 072 Rocco Laurie,"1,616",27,1.7%,s,s,s,21
31R074,P.S. 74 Future Leaders Elementary School,288,51,17.7%,29,15,14,21
31R075,I.S. 075 Frank D. Paulo,"1,465",19,1.3%,s,s,s,15
31R078,P.S. 78,728,79,10.9%,47,30,17,23
31R080,The Michael J. Petrides School,"1,332",19,1.4%,s,s,s,15
31R440,New Dorp High School,"3,124",110,3.5%,15,s,s,85
31R444,Home Schooling,798,18,2.3%,6,s,s,9
31R445,Port Richmond High School,"1,607",120,7.5%,40,16,24,70
31R450,Curtis High School,"2,462",155,6.3%,48,27,21,91
31R455,Tottenville High School,"3,736",86,2.3%,s,s,s,78
31R460,Susan E. Wagner High School,"3,418",91,2.7%,19,8,11,63
31R470,Concord High School,199,17,8.5%,s,s,s,11
31R600,Ralph R. McKee Career and Technical Education High,825,23,2.8%,11,s,s,6
31R605,Staten Island Technical High School,"1,336",s,s,s,s,s,s
31R700,Universal Pre-K C.B.O.,"3,478",36,1.0%,9,s,s,22
31R861,Staten Island School of Civic Leadership,901,61,6.8%,11,s,s,46
32K045,P.S./I.S. 045 Horace E. Greene,621,92,14.8%,62,53,9,28
32K075,P.S. 075 Mayda Cortiella,288,42,14.6%,s,s,s,37
32K086,P.S. 086 The Irvington,424,96,22.6%,s,s,s,94
32K106,P.S. 106 Edward Everett Hale,413,59,14.3%,15,9,6,37
32K116,P.S. 116 Elizabeth L Farrell,351,83,23.6%,6,s,s,77
32K123,P.S. 123 Suydam,622,83,13.3%,38,s,s,44
32K145,P.S. 145 Andrew Jackson,513,153,29.8%,42,31,11,110
32K151,P.S. 151 Lyndon B. Johnson,337,119,35.3%,12,s,s,101
32K162,J.H.S. 162 The Willoughby,326,69,21.2%,17,s,s,49
32K168,The Brooklyn School for Math and Research,313,30,9.6%,7,s,s,21
32K274,P.S. 274 Kosciusko,376,105,27.9%,36,s,s,69
32K291,J.H.S. 291 Roland Hayes,349,87,24.9%,18,s,s,67
32K299,P.S. 299 Thomas Warren Field,189,46,24.3%,24,s,s,22
32K347,I.S. 347 School of Humanities,300,42,14.0%,10,s,s,31
32K349,"I.S. 349 Math, Science & Tech.",305,50,16.4%,13,s,s,37
32K376,P.S. 376,527,58,11.0%,s,s,s,53
32K377,P.S. 377 Alejandrina B. De Gautier,150,9,6.0%,8,s,s,s
32K383,J.H.S. 383 Philippa Schuyler,890,44,4.9%,16,s,s,27
32K384,P.S. /I.S. 384 Frances E. Carter,463,35,7.6%,16,s,s,18
32K403,Academy for Excellence in Leadership,291,72,24.7%,11,s,s,55
32K444,Home Schooling,71,12,16.9%,9,s,s,s
32K545,EBC High School for Public Service - Bushwick,476,43,9.0%,12,s,s,31
32K549,The Brooklyn School for Social Justice,335,57,17.0%,20,11,9,35
32K552,The Academy of Urban Planning and Engineering,295,42,14.2%,13,7,6,27
32K554,All City Leadership Secondary School,439,22,5.0%,s,s,s,18
32K556,Bushwick Leaders High School for Academic Excellen,342,57,16.7%,12,s,s,42
32K562,Evergreen Middle School for Urban Exploration,381,79,20.7%,26,20,6,51
32K564,Bushwick Community High School,233,14,6.0%,8,s,s,6
32K700,Universal Pre-K C.B.O.,"1,613",68,4.2%,20,14,6,45
75K004,P.S. K004,342,28,8.2%,19,13,6,s
75K036,P.S. 36,432,64,14.8%,41,30,11,12
75K053,P.S. K053,452,27,6.0%,22,15,7,s
75K077,P.S. K077,312,12,3.8%,7,s,s,s
75K140,P.S. K140,377,83,22.0%,50,32,18,14
75K141,P.S. K141,413,39,9.4%,25,18,7,9
75K231,P.S. K231,328,8,2.4%,s,s,s,s
75K368,P.S. 368,288,46,16.0%,22,14,8,17
75K369,P.S. K369 - Coy L. Cox School,530,44,8.3%,25,13,12,14
75K370,P.S. 370,263,11,4.2%,s,s,s,6
75K371,P.S. 371 - Lillian L. Rashkis,263,19,7.2%,10,s,s,s
75K372,P.S. 372 -The Children's School,199,s,s,s,s,s,s
75K373,P.S. 373 - Brooklyn Transition Center,484,29,6.0%,19,s,s,6
75K396,P.S. K396,498,75,15.1%,29,s,s,35
75K403,Hospital Schools - Brooklyn,46,s,s,s,s,s,s
75K444,Home Schooling,36,s,s,s,s,s,s
75K503,Home Instruction - Brooklyn,73,s,s,s,s,s,s
75K721,P.S. K721 - Brooklyn Occupational Training Center,467,22,4.7%,10,s,s,10
75K753,P.S. K753 - School for Career Development,315,42,13.3%,30,20,10,s
75K771,P.S. K771,495,17,3.4%,s,s,s,11
75K811,P.S. K811 Connie Lekas School,350,25,7.1%,16,s,s,8
75M035,P.S. 035,340,49,14.4%,21,8,13,11
75M079,P.S. M079 - Horan School,277,29,10.5%,20,14,6,9
75M094,P.S. M094,421,52,12.4%,30,20,10,12
75M138,P.S. 138,646,53,8.2%,27,19,8,26
75M169,P.S. M169 - Robert F. Kennedy,398,87,21.9%,51,35,16,32
75M226,P.S. M226,297,37,12.5%,13,s,s,22
75M401,Hospital Schools,200,26,13.0%,s,s,s,s
75M444,Home Schooling,21,s,s,s,s,s,s
75M501,Home Instruction,70,18,25.7%,s,s,s,s
75M721,P.S. M721 - Manhattan Occupational Training Center,195,20,10.3%,11,s,s,8
75M751,Manhattan School for Career Development,247,31,12.6%,14,7,7,12
75M811,P.S. M811 - Mickey Mantle School,441,104,23.6%,44,38,6,52
75Q004,P.S. Q004,492,33,6.7%,18,s,s,12
75Q009,P.S. 009,687,67,9.8%,35,20,15,28
75Q023,P.S. Q023 @ Queens Children Center,477,30,6.3%,10,s,s,7
75Q075,Robert E. Peary School,597,46,7.7%,27,s,s,14
75Q177,P.S. Q177,499,15,3.0%,6,s,s,6
75Q224,P.S. Q224,431,27,6.3%,9,s,s,15
75Q233,P.S. Q233,590,19,3.2%,14,8,6,s
75Q255,P.S. Q255,428,7,1.6%,s,s,s,s
75Q256,P.S. Q256,688,45,6.5%,21,s,s,10
75Q277,The Riverview School,598,43,7.2%,16,8,8,26
75Q404,Hospital Schools - Queens,11,s,s,s,s,s,s
75Q444,Home Schooling,33,s,s,s,s,s,s
75Q504,Home Instruction - Queen,66,s,s,s,s,s,s
75Q721,John F. Kennedy Jr. School,483,22,4.6%,10,s,s,9
75Q752,Queens Transition Center,424,41,9.7%,28,17,11,6
75Q811,P.S. Q811,430,23,5.3%,10,s,s,9
75Q993,P.S. Q993,623,30,4.8%,16,s,s,7
75R025,South Richmond High School I.S./P.S. 25,641,36,5.6%,25,12,13,7
75R037,The David Marquis School of the Arts,411,s,s,s,s,s,s
75R373,P.S. R373,651,32,4.9%,12,s,s,15
75R405,Hospital Schools - Staten Island,14,s,s,s,s,s,s
75R444,Home Schooling,21,s,s,s,s,s,s
75R505,Home Instruction - S.I.,15,s,s,s,s,s,s
75R721,The Richard H. Hungerford School,461,22,4.8%,9,s,s,9
75X010,P.S. X010,598,54,9.0%,35,27,8,16
75X012,P.S. X012 Lewis and Clark School,315,38,12.1%,21,6,15,11
75X017,P.S. X017,533,63,11.8%,45,32,13,14
75X168,P.S. 168,552,76,13.8%,31,20,11,33
75X176,P.S. X176,573,31,5.4%,21,s,s,7
75X186,P186X Walter J. Damrosch School,808,126,15.6%,90,69,21,20
75X188,P.S. X188,532,69,13.0%,39,26,13,25
75X352,The Vida Bogart School for All Children,617,87,14.1%,54,36,18,23
75X402,Hospital Schools - Bronx,46,s,s,s,s,s,s
75X444,Home Schooling,33,s,s,s,s,s,s
75X469,P469X - The Bronx School for Continuous Learners,429,70,16.3%,45,33,12,25
75X502,Home Instruction - Bronx,67,s,s,s,s,s,s
75X596,P.S. X596,419,20,4.8%,10,s,s,7
75X721,P.S. X721 - Stephen McSweeney School,580,58,10.0%,27,16,11,23
75X723,P.S. 723,540,96,17.8%,47,26,21,27
75X754,J. M. Rapport School Career Development,512,103,20.1%,62,31,31,18
75X811,P.S. X811,642,66,10.3%,35,22,13,25
79K925,YABC Programs - Brooklyn and Queens,"2,126",193,9.1%,63,28,35,109
79M379,"YABC Programs � Manhattan, Bronx, Staten Island","1,695",189,11.2%,68,30,38,107
79M645,School for Cooperative Technical Education,"1,399",91,6.5%,26,14,12,53
79M921,District 79 Youth Justice and Treatment Programs,103,19,18.4%,s,s,s,s
79M973,Restart Academy,739,309,41.8%,46,20,26,26
79Q344,East River Academy,671,97,14.5%,35,9,26,23
79Q950,Pathways to Graduation,"6,543",895,13.7%,362,151,211,295
79X695,Passages Academy,257,48,18.7%,20,7,13,13
