"Date","Borough","Low_income","Total"
2021-06-30,"Brooklyn",0,13
2021-06-30,"Brooklyn",0,8
2021-06-30,"Brooklyn",0,15
2021-06-30,"Brooklyn",0,10
2021-06-30,"Bronx",20,20
2021-06-30,"Bronx",24,24
2021-06-30,"Bronx",19,20
2021-06-30,"Bronx",63,64
2021-06-30,"Bronx",36,37
2021-06-30,"Bronx",22,22
2021-06-30,"Manhattan",0,9
2021-06-30,"Manhattan",0,21
2021-06-30,"Manhattan",0,14
2021-06-30,"Brooklyn",0,3
2021-06-30,"Brooklyn",0,3
2021-06-30,"Brooklyn",0,3
2021-06-30,"Brooklyn",0,3
2021-06-30,"Brooklyn",0,3
2021-06-30,"Brooklyn",0,3
2021-06-30,"Brooklyn",0,2
2021-06-30,"Brooklyn",0,3
2021-06-30,"Brooklyn",0,2
2021-06-30,"Brooklyn",0,3
2021-06-30,"Brooklyn",0,3
2021-06-30,"Manhattan",9,9
2021-06-30,"Manhattan",8,8
2021-06-30,"Manhattan",8,9
2021-06-30,"Manhattan",14,15
2021-06-30,"Manhattan",15,15
2021-06-30,"Manhattan",15,16
2021-06-30,"Manhattan",19,20
2021-06-30,"Manhattan",16,18
2021-06-30,"Bronx",132,133
2021-06-30,"Manhattan",141,141
2021-06-30,"Manhattan",145,145
2021-06-30,"Manhattan",124,124
2021-06-30,"Manhattan",123,124
2021-06-30,"Manhattan",124,124
2021-06-30,"Manhattan",124,124
2021-06-30,"Bronx",53,54
2021-06-30,"Queens",207,207
2021-06-30,"Queens",84,84
2021-06-30,"Queens",39,39
2021-06-30,"Queens",36,36
2021-06-30,"Queens",36,36
2021-06-30,"Queens",72,73
2021-06-30,"Queens",36,36
2021-06-30,"Queens",77,77
2021-06-30,"Queens",72,72
2021-06-30,"Queens",18,18
2021-06-30,"Queens",72,72
2021-06-30,"Queens",18,18
2021-06-30,"Queens",72,72
2021-06-30,"Queens",71,71
2021-06-30,"Queens",72,72
2021-06-30,"Queens",36,36
2021-06-30,"Queens",72,72
2021-06-30,"Queens",36,36
2021-06-30,"Queens",72,72
2021-06-30,"Queens",72,72
2021-06-30,"Queens",72,72
2021-06-30,"Queens",77,77
2021-06-30,"Queens",77,77
2021-06-30,"Queens",18,18
2021-06-30,"Queens",72,72
2021-06-30,"Queens",18,18
2021-06-30,"Queens",84,84
2021-06-30,"Queens",72,72
2021-06-30,"Queens",72,72
2021-06-30,"Queens",72,72
2021-06-30,"Queens",77,77
2021-06-30,"Queens",76,76
2021-06-30,"Queens",72,72
2021-06-30,"Queens",72,72
2021-06-30,"Queens",72,72
2021-06-30,"Queens",72,72
2021-06-30,"Queens",72,72
2021-06-30,"Bronx",149,150
2021-06-30,"Brooklyn",12,58
2021-06-30,"Brooklyn",18,55
2021-06-30,"Bronx",40,40
2021-06-30,"Brooklyn",26,49
2021-06-30,"Brooklyn",107,107
2021-06-30,"Brooklyn",26,95
2021-06-30,"Bronx",1,1
2021-06-30,"Bronx",101,102
2021-06-30,"Bronx",0,10
2021-06-30,"Bronx",0,16
2021-06-30,"Bronx",0,16
2021-06-30,"Bronx",0,19
2021-06-30,"Brooklyn",0,8
2021-06-30,"Brooklyn",0,14
2021-06-30,"Bronx",0,90
2021-06-30,"Bronx",0,71
2021-06-30,"Brooklyn",0,421
2021-06-30,"Brooklyn",0,29
2021-06-30,"Brooklyn",0,8
2021-06-30,"Bronx",0,36
2021-06-30,"Bronx",0,215
2021-06-30,"Brooklyn",0,27
2021-06-30,"Bronx",0,43
2021-06-30,"Brooklyn",0,17
2021-06-30,"Bronx",0,50
2021-06-30,"Bronx",0,20
2021-06-30,"Brooklyn",0,16
2021-06-30,"Brooklyn",0,19
2021-06-30,"Brooklyn",0,10
2021-06-30,"Bronx",0,10
2021-06-30,"Bronx",0,22
2021-06-30,"Bronx",0,9
2021-06-30,"Bronx",0,35
2021-06-30,"Queens",1,1
2021-06-30,"Brooklyn",0,6
2021-06-30,"Brooklyn",0,26
2021-06-30,"Brooklyn",0,10
2021-06-30,"Bronx",0,31
2021-06-30,"Bronx",0,20
2021-06-30,"Brooklyn",0,23
2021-06-30,"Bronx",0,8
2021-06-30,"Brooklyn",0,8
2021-06-30,"Brooklyn",0,9
2021-06-30,"Queens",0,15
2021-06-30,"Brooklyn",0,23
2021-06-30,"Brooklyn",0,10
2021-06-30,"Bronx",0,42
2021-06-30,"Brooklyn",0,6
2021-06-30,"Brooklyn",0,6
2021-06-30,"Brooklyn",0,10
2021-06-30,"Brooklyn",0,8
2021-06-30,"Brooklyn",0,8
2021-06-30,"Brooklyn",0,10
2021-06-30,"Brooklyn",0,8
2021-06-30,"Brooklyn",0,8
2021-06-30,"Bronx",0,16
2021-06-29,"Bronx",25,25
2021-06-29,"Bronx",18,18
2021-06-29,"Bronx",14,15
2021-06-29,"Bronx",16,16
2021-06-29,"Bronx",19,19
2021-06-29,"Bronx",15,15
2021-06-29,"Bronx",19,20
2021-06-29,"Bronx",8,8
2021-06-29,"Bronx",8,8
2021-06-29,"Bronx",20,21
2021-06-29,"Bronx",15,15
2021-06-29,"Bronx",13,13
2021-06-29,"Bronx",12,12
2021-06-29,"Bronx",18,18
2021-06-29,"Bronx",78,86
2021-06-29,"Bronx",18,18
2021-06-29,"Bronx",30,31
2021-06-29,"Bronx",18,19
2021-06-29,"Bronx",8,8
2021-06-29,"Brooklyn",189,190
2021-06-29,"Brooklyn",14,52
2021-06-29,"Brooklyn",11,55
2021-06-29,"Queens",20,100
2021-06-29,"Staten Island",28,103
2021-06-29,"Queens",12,55
2021-06-29,"Queens",14,48
2021-06-29,"Brooklyn",10,46
2021-06-29,"Queens",1,1
2021-06-29,"Staten Island",1,1
2021-06-29,"Queens",0,15
2021-06-29,"Brooklyn",0,6
2021-06-29,"Queens",1,1
2021-06-28,"Queens",149,152
2021-06-28,"Bronx",24,72
2021-06-28,"Queens",293,293
2021-06-28,"Queens",293,293
2021-06-28,"Queens",293,293
2021-06-28,"Queens",293,293
2021-06-28,"Queens",293,293
2021-06-28,"Queens",293,293
2021-06-28,"Queens",293,293
2021-06-28,"Queens",293,293
2021-06-28,"Queens",293,293
2021-06-28,"Queens",293,293
2021-06-28,"Queens",293,293
2021-06-28,"Queens",293,293
2021-06-28,"Queens",293,293
2021-06-28,"Queens",293,293
2021-06-28,"Queens",293,293
2021-06-28,"Queens",293,293
2021-06-28,"Queens",293,293
2021-06-28,"Queens",293,293
2021-06-28,"Queens",293,293
2021-06-28,"Queens",293,293
2021-06-28,"Manhattan",44,190
2021-06-28,"Queens",13,40
2021-06-28,"Brooklyn",0,43
2021-06-28,"Brooklyn",0,37
2021-06-25,"Brooklyn",402,403
2021-06-25,"Bronx",64,65
2021-06-25,"Bronx",49,50
2021-06-25,"Bronx",45,45
2021-06-25,"Queens",16,54
2021-06-25,"Bronx",27,76
2021-06-25,"Bronx",10,50
2021-06-25,"Queens",0,46
2021-06-25,"Queens",0,7
2021-06-24,"Bronx",115,116
2021-06-24,"Manhattan",208,348
2021-06-24,"Bronx",204,205
2021-06-24,"Brooklyn",302,374
2021-06-24,"Brooklyn",86,343
2021-06-23,"Bronx",44,44
2021-06-23,"Bronx",1,1
2021-06-23,"Queens",1,1
2021-06-22,"Brooklyn",57,58
2021-06-22,"Bronx",27,59
2021-06-22,"Bronx",32,56
2021-06-18,"Bronx",1,1
2021-06-18,"Brooklyn",1,1
2021-06-17,"Bronx",12,12
2021-06-17,"Bronx",12,12
2021-06-17,"Bronx",11,12
2021-06-17,"Bronx",16,17
2021-06-17,"Bronx",11,11
2021-06-17,"Bronx",21,22
2021-06-17,"Queens",24,94
2021-06-17,"Brooklyn",0,6
2021-06-15,"Bronx",0,2
2021-06-15,"Brooklyn",0,3
2021-06-15,"Brooklyn",2,2
2021-06-15,"Brooklyn",0,2
2021-06-15,"Brooklyn",0,3
2021-06-15,"Brooklyn",0,3
2021-06-15,"Brooklyn",0,2
2021-06-15,"Queens",0,1
2021-06-15,"Queens",0,2
2021-06-15,"Queens",1,1
2021-06-15,"Queens",1,1
2021-06-15,"Queens",1,1
2021-06-15,"Queens",1,1
2021-06-15,"Queens",1,1
2021-06-15,"Queens",1,1
2021-06-15,"Queens",1,1
2021-06-15,"Queens",1,1
2021-06-15,"Queens",1,1
2021-06-15,"Queens",1,1
2021-06-15,"Manhattan",9,108
2021-06-14,"Brooklyn",23,124
2021-06-14,"Queens",0,1
2021-06-11,"Bronx",0,22
2021-06-11,"Bronx",0,7
2021-06-11,"Bronx",0,7
2021-06-09,"Bronx",25,151
2021-06-09,"Bronx",0,46
2021-06-07,"Queens",1,1
2021-05-28,"Manhattan",1,131
2021-05-27,"Bronx",1,1
2021-05-26,"Brooklyn",4,4
2021-05-26,"Queens",0,21
2021-05-20,"Brooklyn",4,21
2021-05-17,"Queens",0,6
2021-05-17,"Queens",0,18
2021-05-14,"Queens",24,69
2021-05-13,"Bronx",47,48
2021-05-13,"Bronx",34,35
2021-05-13,"Brooklyn",0,138
2021-05-12,"Brooklyn",54,264
2021-05-12,"Brooklyn",5,20
2021-05-11,"Brooklyn",63,64
2021-05-10,"Manhattan",23,24
2021-05-10,"Manhattan",19,19
2021-05-10,"Manhattan",19,19
2021-05-10,"Manhattan",19,19
2021-05-10,"Brooklyn",1,121
2021-05-07,"Brooklyn",0,8
2021-05-07,"Brooklyn",0,8
2021-05-07,"Brooklyn",0,27
2021-05-05,"Manhattan",0,7
2021-05-05,"Manhattan",0,10
2021-05-05,"Manhattan",0,19
2021-05-03,"Brooklyn",0,8
2021-04-30,"Bronx",21,22
2021-04-30,"Bronx",20,21
2021-04-30,"Bronx",20,20
2021-04-30,"Bronx",18,18
2021-04-30,"Bronx",6,6
2021-04-30,"Bronx",25,25
2021-04-29,"Manhattan",173,174
2021-04-29,"Queens",35,42
2021-04-29,"Brooklyn",156,157
2021-04-29,"Manhattan",28,113
2021-04-29,"Staten Island",0,1
2021-04-29,"Manhattan",0,921
2021-04-28,"Queens",61,62
2021-04-28,"Brooklyn",0,8
2021-04-27,"Staten Island",0,2
2021-04-27,"Queens",0,21
2021-04-26,"Brooklyn",0,48
2021-04-26,"Brooklyn",0,8
2021-04-23,"Manhattan",114,115
2021-04-23,"Staten Island",1,1
2021-04-23,"Queens",0,17
2021-04-20,"Bronx",1,1
2021-04-20,"Brooklyn",1,1
2021-04-16,"Queens",0,12
2021-04-16,"Manhattan",3,15
2021-04-16,"Brooklyn",0,8
2021-04-15,"Bronx",0,64
2021-04-13,"Queens",1,1
2021-04-09,"Queens",30,605
2021-04-09,"Brooklyn",0,20
2021-04-08,"Queens",1,1
2021-04-08,"Brooklyn",1,1
2021-04-01,"Queens",0,7
2021-03-31,"Brooklyn",4,4
2021-03-31,"Brooklyn",9,9
2021-03-31,"Brooklyn",8,8
2021-03-31,"Brooklyn",8,8
2021-03-31,"Brooklyn",8,8
2021-03-31,"Brooklyn",8,8
2021-03-31,"Brooklyn",8,8
2021-03-31,"Brooklyn",8,8
2021-03-31,"Brooklyn",35,36
2021-03-31,"Brooklyn",12,12
2021-03-31,"Brooklyn",8,8
2021-03-31,"Brooklyn",8,8
2021-03-31,"Brooklyn",8,8
2021-03-31,"Brooklyn",12,12
2021-03-31,"Brooklyn",12,13
2021-03-31,"Brooklyn",19,20
2021-03-31,"Brooklyn",4,4
2021-03-31,"Brooklyn",9,9
2021-03-31,"Brooklyn",6,6
2021-03-31,"Brooklyn",6,6
2021-03-31,"Brooklyn",5,5
2021-03-31,"Brooklyn",19,20
2021-03-31,"Brooklyn",8,8
2021-03-31,"Brooklyn",4,4
2021-03-26,"Bronx",1,1
2021-03-26,"Staten Island",1,1
2021-03-22,"Bronx",0,55
2021-03-19,"Brooklyn",0,9
2021-03-18,"Brooklyn",0,6
2021-03-18,"Brooklyn",0,6
2021-03-17,"Brooklyn",6,32
2021-03-16,"Brooklyn",1,1
2021-03-16,"Bronx",0,15
2021-03-12,"Manhattan",0,240
2021-03-11,"Bronx",0,17
2021-03-10,"Brooklyn",1,1
2021-03-05,"Brooklyn",0,10
2021-03-05,"Queens",1,1
2021-03-02,"Bronx",0,6
2021-03-02,"Queens",0,20
2021-02-26,"Manhattan",1,1
2021-02-25,"Manhattan",101,102
2021-02-25,"Queens",1,1
2021-02-25,"Brooklyn",0,8
2021-02-25,"Brooklyn",0,8
2021-02-25,"Queens",30,50
2021-02-24,"Brooklyn",27,150
2021-02-24,"Queens",0,1122
2021-02-24,"Bronx",0,22
2021-02-24,"Brooklyn",0,7
2021-02-22,"Bronx",0,8
2021-02-18,"Manhattan",1,1
2021-02-18,"Queens",1,1
2021-02-18,"Brooklyn",0,56
2021-02-12,"Brooklyn",0,9
2021-02-12,"Bronx",0,43
2021-02-11,"Brooklyn",0,9
2021-02-09,"Brooklyn",1,1
2021-02-09,"Staten Island",1,1
2021-02-09,"Brooklyn",0,10
2021-02-09,"Manhattan",0,208
2021-02-08,"Brooklyn",0,6
2021-02-05,"Queens",0,143
2021-02-04,"Brooklyn",0,10
2021-02-04,"Brooklyn",0,10
2021-02-04,"Brooklyn",0,16
2021-02-03,"Bronx",0,28
2021-02-03,"Brooklyn",0,48
2021-01-29,"Staten Island",1,1
2021-01-28,"Brooklyn",62,77
2021-01-27,"Manhattan",0,34
2021-01-26,"Manhattan",6,20
2021-01-22,"Brooklyn",154,154
2021-01-22,"Brooklyn",9,48
2021-01-22,"Brooklyn",1,8
2021-01-21,"Brooklyn",1,1
2021-01-21,"Bronx",1,1
2021-01-21,"Brooklyn",0,8
2021-01-21,"Brooklyn",0,63
2021-01-20,"Brooklyn",0,20
2021-01-20,"Manhattan",0,16
2021-01-20,"Brooklyn",0,11
2021-01-19,"Brooklyn",0,8
2021-01-15,"Brooklyn",0,10
2021-01-12,"Queens",1,1
2021-01-11,"Brooklyn",0,10
2021-01-06,"Manhattan",10,11
2021-01-06,"Manhattan",8,9
2021-01-06,"Manhattan",8,9
2021-01-06,"Manhattan",8,10
2021-01-06,"Manhattan",8,10
2021-01-06,"Manhattan",9,10
2021-01-06,"Manhattan",21,24
2021-01-06,"Manhattan",20,24
2021-01-06,"Manhattan",9,10
2021-01-04,"Bronx",0,11
2020-12-31,"Bronx",71,338
2020-12-31,"Manhattan",54,55
2020-12-31,"Manhattan",54,55
2020-12-31,"Manhattan",19,20
2020-12-31,"Manhattan",30,31
2020-12-31,"Manhattan",12,13
2020-12-31,"Manhattan",12,13
2020-12-31,"Manhattan",13,13
2020-12-31,"Bronx",24,25
2020-12-31,"Bronx",43,206
2020-12-31,"Bronx",16,16
2020-12-31,"Bronx",40,40
2020-12-31,"Bronx",19,19
2020-12-31,"Bronx",19,20
2020-12-30,"Queens",353,354
2020-12-30,"Manhattan",9,9
2020-12-30,"Manhattan",22,23
2020-12-30,"Bronx",41,42
2020-12-30,"Bronx",19,20
2020-12-30,"Bronx",8,8
2020-12-30,"Bronx",8,8
2020-12-30,"Bronx",49,50
2020-12-30,"Bronx",31,32
2020-12-30,"Bronx",31,32
2020-12-30,"Bronx",20,21
2020-12-30,"Bronx",7,8
2020-12-30,"Bronx",51,52
2020-12-29,"Bronx",433,542
2020-12-29,"Brooklyn",215,216
2020-12-29,"Bronx",181,182
2020-12-28,"Brooklyn",41,41
2020-12-24,"Bronx",0,50
2020-12-23,"Manhattan",74,378
2020-12-22,"Bronx",0,4
2020-12-22,"Bronx",0,26
2020-12-22,"Bronx",0,21
2020-12-22,"Bronx",0,20
2020-12-22,"Bronx",190,191
2020-12-22,"Queens",0,7
2020-12-17,"Brooklyn",159,160
2020-12-17,"Queens",99,100
2020-12-17,"Bronx",260,261
2020-12-17,"Bronx",170,171
2020-12-17,"Bronx",87,87
2020-12-17,"Bronx",82,83
2020-12-17,"Bronx",187,188
2020-12-17,"Bronx",220,221
2020-12-17,"Bronx",159,160
2020-12-17,"Bronx",162,163
2020-12-17,"Bronx",0,45
2020-12-17,"Queens",0,20
2020-12-16,"Queens",1,1
2020-12-16,"Bronx",1,1
2020-12-16,"Brooklyn",0,60
2020-12-16,"Bronx",0,8
2020-12-14,"Brooklyn",74,74
2020-12-14,"Brooklyn",0,6
2020-12-14,"Brooklyn",0,7
2020-12-14,"Brooklyn",0,7
2020-12-11,"Queens",0,6
2020-12-11,"Brooklyn",0,8
2020-12-10,"Brooklyn",326,327
2020-12-04,"Brooklyn",0,105
2020-12-04,"Brooklyn",0,20
2020-12-03,"Brooklyn",14,68
2020-12-03,"Manhattan",94,94
2020-12-01,"Bronx",312,312
2020-12-01,"Bronx",312,313
2020-12-01,"Bronx",312,312
2020-12-01,"Bronx",312,312
2020-12-01,"Bronx",312,312
2020-12-01,"Bronx",312,313
2020-11-27,"Manhattan",7,20
2020-11-27,"Manhattan",8,20
2020-11-27,"Manhattan",5,20
2020-11-27,"Manhattan",1,21
2020-11-27,"Manhattan",4,17
2020-11-27,"Manhattan",4,18
2020-11-27,"Manhattan",2,20
2020-11-27,"Manhattan",6,20
2020-11-27,"Manhattan",6,20
2020-11-27,"Manhattan",5,20
2020-11-27,"Manhattan",6,20
2020-11-27,"Manhattan",6,20
2020-11-27,"Manhattan",5,20
2020-11-27,"Manhattan",2,17
2020-11-25,"Brooklyn",5,5
2020-11-25,"Brooklyn",0,2
2020-11-25,"Brooklyn",0,2
2020-11-25,"Manhattan",1,1
2020-11-23,"Manhattan",0,5
2020-11-23,"Manhattan",7,14
2020-11-23,"Manhattan",3,9
2020-11-23,"Manhattan",4,10
2020-11-20,"Bronx",1,1
2020-11-20,"Bronx",0,16
2020-11-18,"Brooklyn",0,8
2020-11-17,"Manhattan",31,35
2020-11-17,"Manhattan",37,47
2020-11-17,"Manhattan",7,23
2020-11-17,"Manhattan",4,23
2020-11-17,"Manhattan",17,54
2020-11-17,"Queens",0,20
2020-11-16,"Queens",1,1
2020-11-16,"Queens",0,158
2020-11-16,"Queens",0,10
2020-11-16,"Brooklyn",0,16
2020-11-13,"Bronx",15,15
2020-11-13,"Bronx",25,26
2020-11-13,"Bronx",8,8
2020-11-13,"Bronx",15,15
2020-11-13,"Bronx",10,11
2020-11-13,"Brooklyn",0,24
2020-11-12,"Brooklyn",5,16
2020-11-12,"Queens",0,45
2020-11-10,"Manhattan",1,1
2020-11-10,"Brooklyn",0,286
2020-11-10,"Brooklyn",0,8
2020-11-10,"Brooklyn",0,8
2020-11-09,"Queens",0,154
2020-11-05,"Brooklyn",0,113
2020-11-05,"Brooklyn",0,8
2020-11-04,"Bronx",0,25
2020-11-02,"Queens",0,31
2020-10-29,"Queens",1,1
2020-10-29,"Queens",1,1
2020-10-29,"Brooklyn",0,16
2020-10-28,"Bronx",0,18
2020-10-27,"Queens",0,22
2020-10-27,"Bronx",0,33
2020-10-26,"Brooklyn",13,86
2020-10-26,"Queens",0,10
2020-10-22,"Brooklyn",341,491
2020-10-22,"Bronx",71,72
2020-10-22,"Brooklyn",120,121
2020-10-21,"Brooklyn",2,2
2020-10-21,"Brooklyn",36,36
2020-10-21,"Brooklyn",8,8
2020-10-21,"Brooklyn",2,2
2020-10-21,"Brooklyn",23,24
2020-10-21,"Brooklyn",32,32
2020-10-21,"Brooklyn",11,11
2020-10-21,"Brooklyn",11,11
2020-10-21,"Brooklyn",9,9
2020-10-21,"Brooklyn",8,9
2020-10-21,"Brooklyn",12,12
2020-10-21,"Brooklyn",16,16
2020-10-21,"Brooklyn",15,16
2020-10-21,"Brooklyn",16,16
2020-10-21,"Brooklyn",10,10
2020-10-21,"Brooklyn",10,10
2020-10-21,"Queens",403,462
2020-10-20,"Queens",1,1
2020-10-20,"Staten Island",1,1
2020-10-20,"Queens",1,1
2020-10-20,"Queens",1,1
2020-10-16,"Manhattan",77,78
2020-10-16,"Manhattan",9,13
2020-10-16,"Manhattan",7,9
2020-10-16,"Manhattan",7,9
2020-10-16,"Manhattan",8,9
2020-10-16,"Manhattan",6,9
2020-10-16,"Manhattan",6,9
2020-10-16,"Manhattan",9,13
2020-10-16,"Manhattan",12,13
2020-10-16,"Manhattan",6,8
2020-10-16,"Manhattan",3,8
2020-10-16,"Manhattan",4,8
2020-10-16,"Manhattan",7,10
2020-10-16,"Manhattan",9,15
2020-10-16,"Manhattan",7,15
2020-10-16,"Manhattan",5,15
2020-10-16,"Manhattan",9,15
2020-10-16,"Manhattan",3,10
2020-10-16,"Manhattan",3,10
2020-10-16,"Manhattan",7,12
2020-10-16,"Manhattan",12,26
2020-10-16,"Manhattan",3,16
2020-10-16,"Manhattan",5,16
2020-10-16,"Manhattan",5,25
2020-10-16,"Manhattan",6,16
2020-10-16,"Manhattan",2,16
2020-10-16,"Manhattan",8,25
2020-10-16,"Manhattan",10,20
2020-10-16,"Manhattan",4,20
2020-10-16,"Manhattan",7,25
2020-10-16,"Manhattan",8,25
2020-10-16,"Manhattan",8,16
2020-10-16,"Manhattan",4,16
2020-10-16,"Manhattan",4,15
2020-10-16,"Manhattan",4,15
2020-10-16,"Manhattan",3,17
2020-10-16,"Manhattan",4,16
2020-10-16,"Manhattan",6,10
2020-10-16,"Manhattan",12,15
2020-10-16,"Manhattan",9,15
2020-10-16,"Manhattan",12,15
2020-10-16,"Manhattan",12,15
2020-10-16,"Manhattan",7,10
2020-10-16,"Manhattan",5,6
2020-10-16,"Manhattan",3,5
2020-10-16,"Manhattan",5,20
2020-10-16,"Manhattan",6,13
2020-10-16,"Manhattan",4,10
2020-10-16,"Manhattan",2,10
2020-10-15,"Manhattan",96,480
2020-10-14,"Brooklyn",6,9
2020-10-14,"Brooklyn",14,15
2020-10-14,"Brooklyn",7,7
2020-10-13,"Bronx",59,61
2020-10-13,"Bronx",55,57
2020-10-13,"Brooklyn",0,26
2020-10-09,"Bronx",1,1
2020-10-06,"Bronx",60,60
2020-10-05,"Queens",0,10
2020-10-02,"Brooklyn",0,23
2020-10-01,"Bronx",48,52
2020-10-01,"Brooklyn",1,1
2020-10-01,"Manhattan",0,429
2020-10-01,"Queens",0,123
2020-09-30,"Bronx",0,8
2020-09-30,"Bronx",0,8
2020-09-30,"Bronx",0,8
2020-09-30,"Bronx",0,8
2020-09-30,"Bronx",0,4
2020-09-30,"Bronx",0,4
2020-09-30,"Bronx",0,8
2020-09-30,"Bronx",0,8
2020-09-30,"Bronx",0,8
2020-09-30,"Bronx",0,8
2020-09-30,"Manhattan",26,27
2020-09-30,"Manhattan",14,14
2020-09-30,"Brooklyn",0,14
2020-09-29,"Manhattan",29,30
2020-09-29,"Bronx",0,28
2020-09-29,"Brooklyn",0,112
2020-09-25,"Brooklyn",15,15
2020-09-25,"Brooklyn",11,11
2020-09-25,"Brooklyn",15,16
2020-09-25,"Brooklyn",0,6
2020-09-24,"Brooklyn",0,8
2020-09-24,"Brooklyn",0,49
2020-09-24,"Queens",0,44
2020-09-23,"Brooklyn",0,10
2020-09-23,"Manhattan",0,16
2020-09-23,"Brooklyn",0,22
2020-09-23,"Staten Island",1,1
2020-09-22,"Queens",0,48
2020-09-22,"Bronx",0,15
2020-09-21,"Staten Island",0,8
2020-09-21,"Brooklyn",0,93
2020-09-18,"Brooklyn",0,39
2020-09-18,"Manhattan",1,1
2020-09-17,"Queens",66,66
2020-09-17,"Queens",0,20
2020-09-17,"Brooklyn",0,14
2020-09-16,"Brooklyn",24,116
2020-09-16,"Brooklyn",0,8
2020-09-15,"Brooklyn",0,41
2020-09-15,"Brooklyn",0,10
2020-09-15,"Brooklyn",0,27
2020-09-14,"Brooklyn",0,8
2020-09-10,"Brooklyn",0,8
2020-09-08,"Queens",0,10
2020-09-04,"Brooklyn",0,3
2020-09-04,"Brooklyn",0,13
2020-09-03,"Brooklyn",0,7
2020-09-01,"Brooklyn",0,39
2020-08-31,"Brooklyn",0,8
2020-08-31,"Brooklyn",0,18
2020-08-27,"Bronx",1,1
2020-08-27,"Brooklyn",0,10
2020-08-25,"Manhattan",3,12
2020-08-25,"Brooklyn",0,10
2020-08-21,"Brooklyn",1,1
2020-08-20,"Manhattan",163,164
2020-08-20,"Brooklyn",0,363
2020-08-19,"Brooklyn",235,236
2020-08-19,"Brooklyn",0,10
2020-08-18,"Bronx",40,160
2020-08-18,"Brooklyn",0,359
2020-08-14,"Bronx",0,240
2020-08-13,"Brooklyn",0,15
2020-08-12,"Brooklyn",0,25
2020-08-11,"Bronx",79,95
2020-08-04,"Brooklyn",15,15
2020-08-03,"Manhattan",24,24
2020-08-03,"Manhattan",18,18
2020-08-03,"Manhattan",23,24
2020-08-03,"Manhattan",19,19
2020-08-03,"Manhattan",17,17
2020-08-03,"Manhattan",19,20
2020-08-03,"Manhattan",15,15
2020-08-03,"Manhattan",17,17
2020-07-31,"Brooklyn",70,71
2020-07-30,"Manhattan",170,171
2020-07-15,"Queens",79,80
2020-07-10,"Queens",1,1
2020-07-02,"Staten Island",55,56
2020-07-02,"Staten Island",53,56
2020-06-30,"Queens",5,164
2020-06-30,"Queens",12,348
2020-06-30,"Brooklyn",0,10
2020-06-30,"Brooklyn",0,22
2020-06-30,"Queens",0,132
2020-06-30,"Bronx",2,2
2020-06-30,"Bronx",1,1
2020-06-30,"Queens",1,1
2020-06-30,"Brooklyn",2,2
2020-06-30,"Brooklyn",1,1
2020-06-30,"Queens",2,2
2020-06-30,"Queens",0,1
2020-06-30,"Bronx",0,2
2020-06-30,"Queens",1,1
2020-06-30,"Brooklyn",1,1
2020-06-30,"Queens",2,2
2020-06-30,"Queens",1,1
2020-06-30,"Queens",0,2
2020-06-30,"Bronx",1,1
2020-06-30,"Bronx",1,1
2020-06-30,"Bronx",2,2
2020-06-29,"Brooklyn",0,10
2020-06-29,"Brooklyn",0,6
2020-06-29,"Manhattan",2,8
2020-06-28,"Queens",0,7
2020-06-27,"Queens",0,10
2020-06-27,"Brooklyn",0,6
2020-06-26,"Manhattan",21,21
2020-06-26,"Bronx",1,1
2020-06-26,"Queens",0,7
2020-06-26,"Brooklyn",0,3
2020-06-26,"Brooklyn",0,13
2020-06-25,"Staten Island",1,1
2020-06-25,"Brooklyn",0,24
2020-06-25,"Brooklyn",0,8
2020-06-24,"Brooklyn",0,3
2020-06-24,"Brooklyn",0,13
2020-06-23,"Brooklyn",0,25
2020-06-22,"Brooklyn",0,8
2020-06-19,"Bronx",1,1
2020-06-19,"Brooklyn",0,12
2020-06-18,"Queens",102,103
2020-06-17,"Brooklyn",0,8
2020-06-17,"Bronx",0,43
2020-06-16,"Bronx",0,46
2020-06-16,"Brooklyn",0,2
2020-06-16,"Brooklyn",0,12
2020-06-15,"Brooklyn",0,10
2020-06-15,"Brooklyn",0,15
2020-06-12,"Queens",1,1
2020-06-11,"Brooklyn",0,3
2020-06-11,"Brooklyn",0,13
2020-06-08,"Brooklyn",0,26
2020-06-05,"Brooklyn",0,3
2020-06-05,"Brooklyn",0,17
2020-06-05,"Brooklyn",0,8
2020-06-03,"Brooklyn",0,8
2020-06-03,"Brooklyn",0,24
2020-06-02,"Brooklyn",0,52
2020-06-02,"Brooklyn",0,8
2020-06-01,"Manhattan",0,23
2020-06-01,"Brooklyn",0,13
2020-05-29,"Brooklyn",0,10
2020-05-27,"Brooklyn",0,10
2020-05-27,"Brooklyn",0,32
2020-05-26,"Brooklyn",0,12
2020-05-21,"Bronx",0,15
2020-05-20,"Bronx",0,10
2020-05-19,"Brooklyn",0,8
2020-05-18,"Brooklyn",0,8
2020-05-18,"Bronx",0,16
2020-05-15,"Brooklyn",0,48
2020-05-15,"Brooklyn",0,68
2020-05-14,"Queens",19,103
2020-05-14,"Brooklyn",0,30
2020-05-14,"Manhattan",0,30
2020-05-13,"Bronx",0,12
2020-05-13,"Brooklyn",0,10
2020-05-11,"Brooklyn",34,134
2020-05-06,"Bronx",0,8
2020-05-04,"Brooklyn",0,22
2020-04-20,"Brooklyn",0,10
2020-04-14,"Brooklyn",0,8
2020-04-14,"Bronx",0,3
2020-04-14,"Bronx",0,13
2020-04-13,"Brooklyn",0,9
2020-04-13,"Queens",0,103
2020-04-10,"Brooklyn",0,3
2020-04-10,"Brooklyn",0,18
2020-04-10,"Brooklyn",0,3
2020-04-10,"Brooklyn",0,43
2020-04-09,"Queens",0,110
2020-04-08,"Brooklyn",0,6
2020-04-03,"Bronx",0,21
2020-04-03,"Brooklyn",0,20
2020-04-02,"Bronx",0,30
2020-04-02,"Brooklyn",0,8
2020-04-01,"Staten Island",101,122
2020-04-01,"Brooklyn",13,16
2020-04-01,"Brooklyn",13,16
2020-04-01,"Brooklyn",34,67
2020-04-01,"Brooklyn",96,145
2020-04-01,"Brooklyn",24,34
2020-04-01,"Brooklyn",24,34
2020-04-01,"Brooklyn",20,31
2020-04-01,"Brooklyn",20,41
2020-03-31,"Manhattan",4,4
2020-03-31,"Manhattan",10,10
2020-03-31,"Manhattan",16,16
2020-03-31,"Manhattan",17,17
2020-03-31,"Manhattan",18,18
2020-03-31,"Manhattan",13,13
2020-03-31,"Manhattan",15,15
2020-03-31,"Manhattan",13,13
2020-03-31,"Manhattan",19,19
2020-03-31,"Manhattan",17,17
2020-03-31,"Manhattan",15,15
2020-03-31,"Manhattan",22,22
2020-03-31,"Manhattan",18,18
2020-03-31,"Manhattan",14,14
2020-03-31,"Manhattan",17,17
2020-03-31,"Manhattan",22,22
2020-03-31,"Manhattan",13,13
2020-03-31,"Manhattan",20,20
2020-03-31,"Manhattan",19,19
2020-03-31,"Manhattan",15,15
2020-03-31,"Manhattan",10,10
2020-03-31,"Brooklyn",159,160
2020-03-30,"Bronx",52,52
2020-03-30,"Bronx",150,150
2020-03-30,"Bronx",384,384
2020-03-30,"Bronx",384,384
2020-03-30,"Bronx",384,384
2020-03-30,"Bronx",207,207
2020-03-30,"Bronx",175,175
2020-03-30,"Bronx",207,207
2020-03-30,"Bronx",207,207
2020-03-30,"Bronx",175,175
2020-03-30,"Bronx",384,384
2020-03-30,"Bronx",384,384
2020-03-30,"Bronx",384,384
2020-03-30,"Bronx",175,175
2020-03-30,"Bronx",384,384
2020-03-30,"Bronx",384,384
2020-03-30,"Bronx",384,384
2020-03-30,"Bronx",207,207
2020-03-30,"Bronx",207,207
2020-03-30,"Bronx",175,175
2020-03-30,"Bronx",175,175
2020-03-30,"Bronx",384,384
2020-03-30,"Bronx",384,384
2020-03-30,"Bronx",384,384
2020-03-30,"Bronx",175,175
2020-03-30,"Bronx",207,207
2020-03-30,"Bronx",207,207
2020-03-30,"Bronx",18,18
2020-03-30,"Bronx",36,36
2020-03-30,"Bronx",26,26
2020-03-30,"Bronx",38,38
2020-03-30,"Bronx",175,175
2020-03-30,"Bronx",175,175
2020-03-30,"Bronx",384,384
2020-03-30,"Bronx",52,52
2020-03-30,"Bronx",175,175
2020-03-30,"Bronx",150,150
2020-03-30,"Bronx",175,175
2020-03-30,"Bronx",150,150
2020-03-30,"Bronx",175,175
2020-03-30,"Bronx",175,175
2020-03-30,"Bronx",175,175
2020-03-30,"Bronx",384,384
2020-03-30,"Bronx",384,384
2020-03-30,"Bronx",207,207
2020-03-30,"Bronx",150,150
2020-03-30,"Bronx",207,207
2020-03-30,"Bronx",175,175
2020-03-30,"Bronx",207,207
2020-03-30,"Bronx",207,207
2020-03-30,"Bronx",32,32
2020-03-30,"Bronx",32,32
2020-03-30,"Bronx",207,207
2020-03-30,"Bronx",36,36
2020-03-30,"Bronx",38,38
2020-03-30,"Bronx",26,26
2020-03-30,"Bronx",18,18
2020-03-30,"Bronx",34,34
2020-03-30,"Bronx",34,34
2020-03-30,"Bronx",150,150
2020-03-30,"Bronx",175,175
2020-03-30,"Bronx",150,150
2020-03-30,"Bronx",175,175
2020-03-30,"Bronx",207,207
2020-03-30,"Bronx",207,207
2020-03-30,"Bronx",207,207
2020-03-30,"Bronx",207,207
2020-03-30,"Bronx",207,207
2020-03-30,"Bronx",207,207
2020-03-30,"Bronx",150,150
2020-03-30,"Bronx",175,175
2020-03-30,"Bronx",207,207
2020-03-30,"Bronx",150,150
2020-03-30,"Bronx",175,175
2020-03-30,"Bronx",150,150
2020-03-30,"Bronx",175,175
2020-03-30,"Bronx",150,150
2020-03-30,"Bronx",175,175
2020-03-30,"Bronx",207,207
2020-03-27,"Queens",0,16
2020-03-26,"Brooklyn",0,8
2020-03-24,"Brooklyn",0,6
2020-03-24,"Brooklyn",0,7
2020-03-20,"Brooklyn",0,35
2020-03-17,"Brooklyn",0,6
2020-03-16,"Brooklyn",0,7
2020-03-13,"Brooklyn",0,10
2020-03-13,"Manhattan",0,10
2020-03-12,"Brooklyn",0,27
2020-03-09,"Manhattan",0,12
2020-03-09,"Queens",1,1
2020-03-09,"Bronx",1,1
2020-03-06,"Brooklyn",0,6
2020-03-05,"Brooklyn",0,18
2020-02-28,"Queens",1,1
2020-02-28,"Staten Island",1,1
2020-02-28,"Brooklyn",7,35
2020-02-27,"Bronx",0,10
2020-02-24,"Brooklyn",0,13
2020-02-21,"Manhattan",1,1
2020-02-21,"Queens",1,1
2020-02-21,"Bronx",0,8
2020-02-21,"Bronx",0,9
2020-02-14,"Brooklyn",0,13
2020-02-14,"Brooklyn",0,10
2020-02-12,"Queens",1,1
2020-02-12,"Bronx",1,1
2020-02-12,"Brooklyn",0,8
2020-02-11,"Brooklyn",5,6
2020-02-11,"Brooklyn",0,13
2020-02-11,"Staten Island",0,2
2020-02-11,"Staten Island",0,2
2020-02-11,"Staten Island",0,14
2020-02-10,"Bronx",0,23
2020-02-10,"Manhattan",4,20
2020-02-07,"Brooklyn",0,22
2020-02-07,"Bronx",0,16
2020-02-07,"Bronx",0,6
2020-02-06,"Brooklyn",0,35
2020-02-04,"Brooklyn",0,8
2020-02-04,"Brooklyn",0,18
2020-02-03,"Brooklyn",0,8
2020-01-28,"Brooklyn",0,177
2020-01-27,"Brooklyn",0,8
2020-01-27,"Brooklyn",0,27
2020-01-24,"Brooklyn",0,8
2020-01-24,"Brooklyn",0,250
2020-01-23,"Brooklyn",0,39
2020-01-23,"Bronx",0,10
2020-01-22,"Brooklyn",4,4
2020-01-22,"Bronx",0,13
2020-01-22,"Brooklyn",0,64
2020-01-21,"Brooklyn",0,24
2020-01-21,"Brooklyn",0,302
2020-01-17,"Bronx",1,1
2020-01-17,"Queens",0,38
2020-01-17,"Brooklyn",0,8
2020-01-16,"Brooklyn",2,9
2020-01-14,"Queens",1,1
2020-01-08,"Brooklyn",0,18
2020-01-08,"Queens",0,10
2020-01-07,"Brooklyn",0,6
2020-01-07,"Bronx",0,33
2020-01-07,"Manhattan",0,134
2020-01-06,"Brooklyn",0,10
2020-01-06,"Brooklyn",0,18
2020-01-03,"Brooklyn",0,8
2020-01-03,"Brooklyn",0,9
2019-12-31,"Bronx",44,44
2019-12-30,"Queens",230,231
2019-12-30,"Queens",85,85
2019-12-30,"Manhattan",59,60
2019-12-30,"Manhattan",47,52
2019-12-30,"Manhattan",51,59
2019-12-30,"Manhattan",22,30
2019-12-27,"Brooklyn",32,32
2019-12-27,"Brooklyn",294,294
2019-12-27,"Brooklyn",318,319
2019-12-27,"Brooklyn",294,294
2019-12-27,"Brooklyn",294,294
2019-12-27,"Brooklyn",293,294
2019-12-27,"Brooklyn",0,9
2019-12-24,"Queens",216,543
2019-12-24,"Brooklyn",0,10
2019-12-24,"Brooklyn",0,3
2019-12-24,"Brooklyn",0,16
2019-12-24,"Brooklyn",0,3
2019-12-23,"Queens",0,202
2019-12-23,"Brooklyn",0,8
2019-12-23,"Brooklyn",0,10
2019-12-23,"Brooklyn",0,10
2019-12-20,"Bronx",207,277
2019-12-20,"Brooklyn",274,275
2019-12-20,"Queens",172,173
2019-12-20,"Queens",80,80
2019-12-20,"Bronx",31,32
2019-12-20,"Queens",132,443
2019-12-20,"Queens",206,689
2019-12-20,"Queens",223,224
2019-12-20,"Bronx",150,151
2019-12-20,"Bronx",1,1
2019-12-20,"Brooklyn",0,10
2019-12-20,"Brooklyn",0,10
2019-12-19,"Bronx",94,95
2019-12-19,"Manhattan",17,17
2019-12-19,"Brooklyn",0,302
2019-12-19,"Brooklyn",76,108
2019-12-19,"Queens",0,10
2019-12-18,"Manhattan",10,10
2019-12-18,"Manhattan",0,11
2019-12-18,"Brooklyn",78,78
2019-12-18,"Brooklyn",95,96
2019-12-18,"Bronx",244,245
2019-12-18,"Bronx",147,148
2019-12-18,"Brooklyn",173,174
2019-12-17,"Brooklyn",1,1
2019-12-17,"Bronx",0,8
2019-12-12,"Bronx",52,53
2019-12-12,"Bronx",132,133
2019-12-11,"Brooklyn",81,81
2019-12-11,"Queens",0,39
2019-12-10,"Brooklyn",0,35
2019-12-09,"Brooklyn",33,35
2019-12-09,"Brooklyn",15,15
2019-12-09,"Brooklyn",12,13
2019-12-09,"Brooklyn",12,13
2019-12-09,"Staten Island",1,1
2019-12-09,"Queens",1,1
2019-12-09,"Brooklyn",0,18
2019-12-09,"Brooklyn",0,28
2019-12-06,"Bronx",1,1
2019-12-06,"Manhattan",1,1
2019-12-06,"Brooklyn",0,6
2019-12-05,"Brooklyn",0,6
2019-12-05,"Brooklyn",0,7
2019-12-05,"Brooklyn",0,5
2019-12-05,"Manhattan",15,78
2019-12-05,"Brooklyn",0,9
2019-12-04,"Brooklyn",0,10
2019-12-03,"Manhattan",0,9
2019-12-03,"Manhattan",0,4
2019-12-03,"Manhattan",0,3
2019-12-03,"Manhattan",0,7
2019-12-03,"Manhattan",0,3
2019-12-03,"Manhattan",0,29
2019-12-03,"Brooklyn",0,26
2019-12-02,"Manhattan",46,47
2019-12-02,"Brooklyn",0,14
2019-11-29,"Brooklyn",0,23
2019-11-27,"Manhattan",26,37
2019-11-27,"Manhattan",1,1
2019-11-27,"Queens",1,1
2019-11-27,"Queens",0,10
2019-11-27,"Brooklyn",0,467
2019-11-27,"Bronx",95,96
2019-11-26,"Brooklyn",75,76
2019-11-26,"Brooklyn",8,8
2019-11-26,"Brooklyn",86,87
2019-11-26,"Brooklyn",0,2
2019-11-26,"Manhattan",0,104
2019-11-26,"Brooklyn",0,31
2019-11-25,"Bronx",4,4
2019-11-25,"Brooklyn",0,10
2019-11-25,"Brooklyn",0,24
2019-11-22,"Bronx",6,56
2019-11-22,"Manhattan",24,113
2019-11-21,"Staten Island",1,1
2019-11-20,"Brooklyn",0,28
2019-11-19,"Brooklyn",6,32
2019-11-18,"Brooklyn",0,6
2019-11-15,"Brooklyn",0,8
2019-11-15,"Queens",0,31
2019-11-14,"Bronx",55,56
2019-11-14,"Bronx",58,59
2019-11-14,"Manhattan",193,194
2019-11-14,"Brooklyn",1,1
2019-11-14,"Queens",0,7
2019-11-14,"Brooklyn",0,10
2019-11-13,"Brooklyn",2,5
2019-11-12,"Brooklyn",0,13
2019-11-12,"Brooklyn",0,6
2019-11-08,"Brooklyn",0,1
2019-11-08,"Brooklyn",0,17
2019-11-08,"Brooklyn",0,25
2019-11-07,"Bronx",0,12
2019-11-06,"Bronx",106,107
2019-11-06,"Brooklyn",0,8
2019-11-05,"Bronx",1,1
2019-11-04,"Staten Island",47,48
2019-10-31,"Queens",1,1
2019-10-31,"Queens",1,1
2019-10-31,"Queens",0,15
2019-10-30,"Manhattan",93,132
2019-10-30,"Manhattan",121,150
2019-10-30,"Manhattan",89,139
2019-10-30,"Manhattan",86,134
2019-10-30,"Manhattan",85,108
2019-10-30,"Manhattan",86,134
2019-10-30,"Manhattan",91,140
2019-10-30,"Manhattan",121,150
2019-10-30,"Manhattan",98,123
2019-10-30,"Manhattan",94,106
2019-10-30,"Manhattan",119,137
2019-10-30,"Manhattan",76,137
2019-10-29,"Manhattan",18,18
2019-10-25,"Manhattan",3,360
2019-10-25,"Manhattan",0,360
2019-10-25,"Manhattan",0,20
2019-10-25,"Manhattan",1,365
2019-10-25,"Manhattan",2,366
2019-10-25,"Brooklyn",1,1
2019-10-25,"Queens",0,6
2019-10-25,"Brooklyn",0,28
2019-10-24,"Queens",1,1
2019-10-24,"Bronx",0,3
2019-10-24,"Bronx",0,17
2019-10-24,"Brooklyn",0,8
2019-10-23,"Manhattan",3,306
2019-10-23,"Manhattan",1,147
2019-10-23,"Manhattan",1,308
2019-10-23,"Manhattan",0,272
2019-10-23,"Manhattan",0,272
2019-10-23,"Manhattan",1,56
2019-10-23,"Manhattan",0,64
2019-10-23,"Manhattan",0,341
2019-10-21,"Queens",0,42
2019-10-17,"Manhattan",16,16
2019-10-17,"Manhattan",13,13
2019-10-17,"Manhattan",12,13
2019-10-17,"Manhattan",16,16
2019-10-16,"Manhattan",1,1
2019-10-16,"Bronx",0,16
2019-10-16,"Brooklyn",0,18
2019-10-16,"Brooklyn",0,3
2019-10-16,"Brooklyn",0,3
2019-10-15,"Manhattan",29,45
2019-10-15,"Brooklyn",0,55
2019-10-15,"Brooklyn",0,7
2019-10-11,"Manhattan",106,106
2019-10-11,"Manhattan",105,108
2019-10-11,"Brooklyn",11,41
2019-10-07,"Bronx",0,27
2019-10-07,"Brooklyn",0,1
2019-10-07,"Brooklyn",0,11
2019-10-04,"Brooklyn",2,2
2019-10-03,"Bronx",34,164
2019-10-03,"Brooklyn",0,8
2019-10-02,"Queens",2,14
2019-09-30,"Brooklyn",0,7
2019-09-30,"Bronx",12,120
2019-09-30,"Queens",1,1
2019-09-30,"Queens",1,1
2019-09-30,"Bronx",1,1
2019-09-26,"Brooklyn",1,1
2019-09-26,"Queens",94,374
2019-09-25,"Queens",1,1
2019-09-23,"Manhattan",39,41
2019-09-23,"Bronx",1,1
2019-09-19,"Brooklyn",0,8
2019-09-19,"Brooklyn",0,8
2019-09-17,"Brooklyn",2,2
2019-09-11,"Queens",1,1
2019-09-09,"Brooklyn",0,9
2019-09-09,"Bronx",0,6
2019-09-06,"Bronx",12,12
2019-09-06,"Bronx",15,16
2019-09-06,"Bronx",8,9
2019-09-06,"Bronx",7,7
2019-09-06,"Bronx",28,30
2019-09-06,"Bronx",16,16
2019-09-06,"Manhattan",0,20
2019-09-06,"Bronx",0,10
2019-09-06,"Queens",1,1
2019-09-03,"Brooklyn",0,20
2019-08-30,"Manhattan",53,54
2019-08-30,"Bronx",42,43
2019-08-30,"Brooklyn",1,1
2019-08-30,"Manhattan",0,8
2019-08-30,"Brooklyn",5,24
2019-08-29,"Brooklyn",0,8
2019-08-29,"Brooklyn",0,8
2019-08-28,"Brooklyn",0,4
2019-08-28,"Brooklyn",0,8
2019-08-28,"Manhattan",3,29
2019-08-27,"Queens",0,10
2019-08-23,"Brooklyn",3,3
2019-08-23,"Brooklyn",0,10
2019-08-23,"Brooklyn",0,10
2019-08-19,"Bronx",51,52
2019-08-19,"Staten Island",1,1
2019-08-19,"Brooklyn",1,9
2019-08-19,"Brooklyn",1,1
2019-08-19,"Bronx",0,8
2019-08-16,"Brooklyn",0,10
2019-08-16,"Brooklyn",0,53
2019-08-15,"Bronx",79,80
2019-08-15,"Brooklyn",0,7
2019-08-14,"Queens",0,17
2019-08-13,"Brooklyn",0,8
2019-08-13,"Brooklyn",0,10
2019-08-12,"Bronx",2,2
2019-08-09,"Bronx",1,1
2019-08-09,"Brooklyn",0,18
2019-08-07,"Brooklyn",3,15
2019-08-02,"Queens",1,1
2019-08-02,"Brooklyn",0,1
2019-08-02,"Brooklyn",0,15
2019-08-01,"Queens",0,27
2019-07-31,"Brooklyn",2,2
2019-07-31,"Brooklyn",1,1
2019-07-31,"Manhattan",0,12
2019-07-31,"Queens",0,27
2019-07-30,"Bronx",79,80
2019-07-29,"Brooklyn",0,7
2019-07-26,"Brooklyn",0,8
2019-07-26,"Brooklyn",0,8
2019-07-25,"Bronx",107,108
2019-07-25,"Queens",0,10
2019-07-24,"Queens",1,1
2019-07-23,"Queens",0,6
2019-07-22,"Manhattan",20,24
2019-07-22,"Manhattan",41,42
2019-07-22,"Manhattan",8,9
2019-07-22,"Manhattan",4,4
2019-07-22,"Manhattan",22,24
2019-07-22,"Manhattan",26,29
2019-07-22,"Manhattan",19,21
2019-07-22,"Manhattan",28,31
2019-07-22,"Manhattan",42,45
2019-07-19,"Staten Island",1,1
2019-07-19,"Queens",1,1
2019-07-19,"Brooklyn",0,7
2019-07-19,"Brooklyn",0,8
2019-07-17,"Manhattan",0,8
2019-07-17,"Brooklyn",0,10
2019-07-16,"Brooklyn",0,6
2019-07-16,"Brooklyn",0,6
2019-07-15,"Brooklyn",0,21
2019-07-12,"Brooklyn",0,8
2019-07-12,"Brooklyn",0,25
2019-07-11,"Manhattan",0,58
2019-07-10,"Bronx",1,1
2019-07-08,"Bronx",0,12
2019-07-03,"Queens",0,13
2019-07-03,"Brooklyn",0,7
2019-07-02,"Manhattan",0,20
2019-07-02,"Brooklyn",0,31
2019-07-02,"Brooklyn",0,25
2019-06-28,"Manhattan",426,426
2019-06-28,"Manhattan",376,376
2019-06-28,"Manhattan",395,396
2019-06-28,"Manhattan",395,396
2019-06-28,"Queens",199,200
2019-06-28,"Bronx",15,15
2019-06-28,"Bronx",15,16
2019-06-28,"Manhattan",15,15
2019-06-28,"Manhattan",13,13
2019-06-28,"Manhattan",16,16
2019-06-28,"Manhattan",10,10
2019-06-28,"Manhattan",9,9
2019-06-28,"Manhattan",16,16
2019-06-28,"Manhattan",19,20
2019-06-28,"Manhattan",10,10
2019-06-28,"Manhattan",10,10
2019-06-28,"Manhattan",10,10
2019-06-28,"Manhattan",10,10
2019-06-28,"Manhattan",10,10
2019-06-28,"Manhattan",10,10
2019-06-28,"Manhattan",10,10
2019-06-28,"Manhattan",9,10
2019-06-28,"Manhattan",18,18
2019-06-28,"Manhattan",11,18
2019-06-28,"Queens",69,70
2019-06-28,"Queens",63,63
2019-06-28,"Bronx",44,45
2019-06-28,"Bronx",48,49
2019-06-28,"Bronx",20,21
2019-06-28,"Bronx",21,21
2019-06-28,"Queens",9,24
2019-06-28,"Queens",15,24
2019-06-28,"Queens",5,24
2019-06-28,"Brooklyn",28,29
2019-06-28,"Brooklyn",24,24
2019-06-28,"Brooklyn",18,18
2019-06-28,"Manhattan",3,43
2019-06-28,"Manhattan",247,278
2019-06-28,"Manhattan",167,168
2019-06-28,"Brooklyn",0,35
2019-06-28,"Brooklyn",0,21
2019-06-28,"Queens",0,3
2019-06-28,"Brooklyn",0,2
2019-06-28,"Queens",2,2
2019-06-28,"Bronx",2,2
2019-06-28,"Queens",2,2
2019-06-28,"Queens",0,1
2019-06-28,"Brooklyn",3,3
2019-06-27,"Bronx",182,183
2019-06-27,"Manhattan",223,276
2019-06-27,"Manhattan",65,85
2019-06-27,"Bronx",249,250
2019-06-27,"Manhattan",207,208
2019-06-27,"Manhattan",90,92
2019-06-27,"Manhattan",202,208
2019-06-27,"Manhattan",147,148
2019-06-27,"Brooklyn",118,118
2019-06-27,"Brooklyn",5,5
2019-06-27,"Brooklyn",15,16
2019-06-27,"Brooklyn",16,16
2019-06-27,"Brooklyn",9,9
2019-06-27,"Brooklyn",6,6
2019-06-27,"Brooklyn",4,4
2019-06-27,"Brooklyn",6,6
2019-06-27,"Brooklyn",4,4
2019-06-27,"Brooklyn",4,4
2019-06-27,"Brooklyn",6,6
2019-06-27,"Brooklyn",6,7
2019-06-27,"Brooklyn",4,4
2019-06-27,"Brooklyn",4,4
2019-06-27,"Brooklyn",4,4
2019-06-27,"Brooklyn",35,36
2019-06-27,"Brooklyn",8,8
2019-06-27,"Brooklyn",14,15
2019-06-27,"Brooklyn",9,9
2019-06-27,"Brooklyn",3,3
2019-06-27,"Brooklyn",6,6
2019-06-27,"Brooklyn",4,4
2019-06-27,"Brooklyn",3,3
2019-06-27,"Brooklyn",4,4
2019-06-27,"Brooklyn",3,3
2019-06-27,"Brooklyn",4,4
2019-06-27,"Brooklyn",11,11
2019-06-27,"Brooklyn",7,8
2019-06-27,"Brooklyn",3,3
2019-06-27,"Brooklyn",4,4
2019-06-27,"Brooklyn",14,15
2019-06-27,"Brooklyn",4,4
2019-06-27,"Brooklyn",6,6
2019-06-27,"Brooklyn",6,6
2019-06-27,"Brooklyn",5,6
2019-06-27,"Brooklyn",3,3
2019-06-27,"Brooklyn",4,4
2019-06-27,"Brooklyn",4,4
2019-06-27,"Brooklyn",3,4
2019-06-27,"Brooklyn",9,9
2019-06-27,"Brooklyn",6,6
2019-06-27,"Brooklyn",8,8
2019-06-27,"Brooklyn",4,4
2019-06-27,"Brooklyn",19,20
2019-06-27,"Brooklyn",4,4
2019-06-27,"Brooklyn",3,3
2019-06-27,"Brooklyn",8,8
2019-06-27,"Brooklyn",8,8
2019-06-27,"Brooklyn",3,3
2019-06-27,"Brooklyn",4,4
2019-06-27,"Brooklyn",12,12
2019-06-27,"Brooklyn",6,6
2019-06-27,"Brooklyn",12,12
2019-06-27,"Brooklyn",11,12
2019-06-27,"Brooklyn",8,8
2019-06-27,"Brooklyn",7,7
2019-06-27,"Brooklyn",8,8
2019-06-27,"Brooklyn",3,3
2019-06-27,"Brooklyn",6,6
2019-06-27,"Brooklyn",6,6
2019-06-27,"Brooklyn",3,3
2019-06-27,"Brooklyn",3,3
2019-06-27,"Brooklyn",3,3
2019-06-27,"Brooklyn",3,4
2019-06-27,"Brooklyn",7,8
2019-06-27,"Brooklyn",3,3
2019-06-27,"Brooklyn",6,6
2019-06-27,"Brooklyn",6,6
2019-06-27,"Brooklyn",3,4
2019-06-27,"Brooklyn",6,6
2019-06-27,"Brooklyn",8,8
2019-06-27,"Brooklyn",5,5
2019-06-27,"Brooklyn",3,3
2019-06-27,"Brooklyn",6,7
2019-06-27,"Brooklyn",3,3
2019-06-27,"Brooklyn",5,5
2019-06-27,"Brooklyn",7,8
2019-06-27,"Brooklyn",4,4
2019-06-27,"Brooklyn",4,4
2019-06-27,"Brooklyn",6,6
2019-06-27,"Bronx",21,21
2019-06-27,"Bronx",20,21
2019-06-27,"Bronx",174,175
2019-06-27,"Manhattan",191,198
2019-06-27,"Brooklyn",0,7
2019-06-27,"Brooklyn",0,18
2019-06-27,"Brooklyn",0,3
2019-06-27,"Brooklyn",0,2
2019-06-27,"Brooklyn",0,2
2019-06-26,"Queens",93,183
2019-06-26,"Queens",71,144
2019-06-26,"Queens",57,115
2019-06-26,"Bronx",29,30
2019-06-26,"Bronx",87,102
2019-06-26,"Staten Island",0,1
2019-06-26,"Staten Island",1,1
2019-06-26,"Brooklyn",0,2
2019-06-25,"Bronx",177,178
2019-06-25,"Queens",162,163
2019-06-25,"Bronx",311,400
2019-06-25,"Bronx",0,31
2019-06-25,"Brooklyn",0,7
2019-06-25,"Staten Island",1,1
2019-06-25,"Queens",1,1
2019-06-25,"Staten Island",0,1
2019-06-24,"Brooklyn",10,50
2019-06-24,"Bronx",151,152
2019-06-24,"Brooklyn",6,6
2019-06-24,"Brooklyn",12,12
2019-06-21,"Bronx",108,109
2019-06-21,"Bronx",61,62
2019-06-21,"Brooklyn",2,2
2019-06-21,"Brooklyn",8,9
2019-06-21,"Brooklyn",6,6
2019-06-21,"Brooklyn",5,6
2019-06-21,"Brooklyn",6,6
2019-06-21,"Brooklyn",6,6
2019-06-21,"Brooklyn",9,10
2019-06-21,"Bronx",0,6
2019-06-21,"Staten Island",1,1
2019-06-20,"Brooklyn",22,23
2019-06-20,"Brooklyn",23,23
2019-06-20,"Brooklyn",16,16
2019-06-20,"Brooklyn",14,14
2019-06-20,"Brooklyn",13,14
2019-06-20,"Brooklyn",14,14
2019-06-20,"Brooklyn",12,12
2019-06-20,"Brooklyn",13,14
2019-06-20,"Brooklyn",16,16
2019-06-20,"Manhattan",29,29
2019-06-20,"Bronx",2,3
2019-06-20,"Bronx",2,2
2019-06-20,"Bronx",8,8
2019-06-20,"Bronx",8,8
2019-06-20,"Bronx",7,8
2019-06-20,"Bronx",3,3
2019-06-20,"Bronx",3,3
2019-06-20,"Bronx",3,3
2019-06-20,"Bronx",10,10
2019-06-20,"Bronx",3,3
2019-06-20,"Bronx",3,3
2019-06-20,"Bronx",3,3
2019-06-20,"Bronx",3,3
2019-06-20,"Bronx",7,8
2019-06-20,"Bronx",7,8
2019-06-20,"Bronx",7,8
2019-06-20,"Bronx",3,3
2019-06-20,"Bronx",1,3
2019-06-20,"Bronx",3,3
2019-06-20,"Bronx",3,3
2019-06-20,"Bronx",7,8
2019-06-20,"Bronx",3,3
2019-06-20,"Bronx",2,3
2019-06-20,"Bronx",3,3
2019-06-20,"Bronx",3,3
2019-06-20,"Bronx",2,3
2019-06-20,"Bronx",2,3
2019-06-20,"Bronx",3,3
2019-06-20,"Bronx",3,3
2019-06-20,"Bronx",2,3
2019-06-20,"Bronx",2,3
2019-06-20,"Bronx",3,3
2019-06-20,"Bronx",3,3
2019-06-20,"Bronx",3,3
2019-06-20,"Bronx",3,3
2019-06-20,"Bronx",1,2
2019-06-20,"Bronx",2,2
2019-06-20,"Bronx",3,3
2019-06-20,"Bronx",2,2
2019-06-20,"Bronx",1,2
2019-06-20,"Bronx",0,2
2019-06-20,"Bronx",1,3
2019-06-20,"Bronx",2,3
2019-06-20,"Bronx",2,3
2019-06-20,"Bronx",2,3
2019-06-20,"Bronx",3,3
2019-06-20,"Bronx",3,3
2019-06-20,"Bronx",3,3
2019-06-20,"Bronx",3,3
2019-06-20,"Bronx",8,8
2019-06-20,"Bronx",3,3
2019-06-20,"Bronx",3,3
2019-06-20,"Bronx",3,3
2019-06-20,"Bronx",1,3
2019-06-20,"Bronx",8,8
2019-06-20,"Bronx",3,3
2019-06-20,"Bronx",8,8
2019-06-20,"Bronx",8,8
2019-06-20,"Bronx",7,8
2019-06-20,"Bronx",3,3
2019-06-20,"Bronx",3,3
2019-06-20,"Bronx",2,3
2019-06-20,"Bronx",3,3
2019-06-20,"Bronx",3,3
2019-06-20,"Bronx",2,3
2019-06-20,"Bronx",3,3
2019-06-20,"Bronx",3,3
2019-06-20,"Bronx",3,3
2019-06-20,"Bronx",2,3
2019-06-20,"Bronx",3,3
2019-06-20,"Bronx",3,3
2019-06-20,"Bronx",2,3
2019-06-20,"Bronx",9,9
2019-06-20,"Bronx",8,9
2019-06-20,"Bronx",9,9
2019-06-20,"Bronx",9,9
2019-06-20,"Bronx",3,3
2019-06-20,"Bronx",2,3
2019-06-20,"Bronx",3,3
2019-06-20,"Bronx",3,3
2019-06-20,"Bronx",10,10
2019-06-20,"Bronx",10,10
2019-06-20,"Bronx",8,8
2019-06-20,"Bronx",8,8
2019-06-20,"Bronx",3,3
2019-06-20,"Bronx",2,2
2019-06-20,"Bronx",3,3
2019-06-20,"Bronx",3,3
2019-06-20,"Bronx",3,3
2019-06-20,"Bronx",3,3
2019-06-20,"Bronx",8,8
2019-06-20,"Bronx",7,8
2019-06-20,"Bronx",2,2
2019-06-20,"Bronx",2,2
2019-06-20,"Bronx",3,3
2019-06-20,"Bronx",3,3
2019-06-20,"Brooklyn",1,1
2019-06-20,"Staten Island",1,1
2019-06-19,"Bronx",10,10
2019-06-19,"Bronx",15,15
2019-06-19,"Bronx",16,16
2019-06-19,"Brooklyn",0,25
2019-06-19,"Staten Island",1,1
2019-06-19,"Staten Island",0,1
2019-06-19,"Queens",0,1
2019-06-19,"Queens",2,2
2019-06-18,"Queens",0,18
2019-06-18,"Brooklyn",0,10
2019-06-17,"Bronx",47,48
2019-06-17,"Brooklyn",0,10
2019-06-17,"Brooklyn",0,8
2019-06-17,"Bronx",1,1
2019-06-14,"Manhattan",188,931
2019-06-14,"Brooklyn",2,7
2019-06-14,"Bronx",0,17
2019-06-14,"Queens",1,1
2019-06-14,"Brooklyn",2,2
2019-06-13,"Manhattan",6,6
2019-06-13,"Manhattan",11,24
2019-06-13,"Manhattan",4,16
2019-06-13,"Manhattan",3,9
2019-06-13,"Manhattan",6,9
2019-06-13,"Manhattan",3,10
2019-06-13,"Manhattan",5,9
2019-06-13,"Manhattan",4,8
2019-06-13,"Manhattan",4,9
2019-06-13,"Manhattan",4,9
2019-06-13,"Manhattan",5,8
2019-06-13,"Manhattan",2,10
2019-06-13,"Manhattan",2,10
2019-06-13,"Manhattan",5,16
2019-06-13,"Manhattan",3,10
2019-06-13,"Manhattan",5,23
2019-06-13,"Manhattan",14,22
2019-06-13,"Manhattan",7,22
2019-06-13,"Manhattan",36,49
2019-06-13,"Manhattan",43,56
2019-06-13,"Manhattan",39,44
2019-06-13,"Manhattan",31,39
2019-06-13,"Manhattan",37,55
2019-06-13,"Manhattan",29,38
2019-06-13,"Manhattan",32,38
2019-06-13,"Manhattan",46,52
2019-06-13,"Manhattan",23,49
2019-06-13,"Brooklyn",0,8
2019-06-13,"Brooklyn",0,32
2019-06-13,"Bronx",0,2
2019-06-12,"Bronx",37,38
2019-06-12,"Bronx",44,45
2019-06-12,"Bronx",30,31
2019-06-12,"Bronx",30,30
2019-06-12,"Bronx",65,66
2019-06-12,"Brooklyn",0,10
2019-06-12,"Bronx",1,1
2019-06-12,"Queens",1,1
2019-06-11,"Brooklyn",0,10
2019-06-11,"Brooklyn",0,28
2019-06-11,"Brooklyn",1,1
2019-06-11,"Bronx",1,1
2019-06-11,"Bronx",1,1
2019-06-10,"Brooklyn",0,9
2019-06-10,"Brooklyn",0,9
2019-06-10,"Bronx",0,3
2019-06-07,"Brooklyn",0,20
2019-06-07,"Brooklyn",0,1
2019-06-07,"Bronx",2,2
2019-06-06,"Brooklyn",42,414
2019-06-06,"Brooklyn",0,7
2019-06-06,"Brooklyn",0,10
2019-06-05,"Brooklyn",0,105
2019-06-05,"Brooklyn",0,9
2019-06-05,"Bronx",0,1
2019-06-05,"Bronx",2,2
2019-06-04,"Brooklyn",0,8
2019-06-04,"Brooklyn",0,8
2019-06-03,"Brooklyn",4,4
2019-06-03,"Brooklyn",0,8
2019-06-03,"Bronx",0,6
2019-06-03,"Bronx",0,2
2019-05-31,"Brooklyn",9,160
2019-05-31,"Brooklyn",0,22
2019-05-31,"Bronx",1,1
2019-05-31,"Brooklyn",1,1
2019-05-30,"Brooklyn",1,1
2019-05-29,"Brooklyn",6,80
2019-05-29,"Bronx",88,90
2019-05-29,"Brooklyn",1,1
2019-05-29,"Brooklyn",0,2
2019-05-28,"Brooklyn",0,2
2019-05-24,"Brooklyn",0,8
2019-05-23,"Bronx",1,1
2019-05-22,"Manhattan",84,92
2019-05-22,"Brooklyn",3,3
2019-05-22,"Bronx",1,1
2019-05-21,"Queens",0,6
2019-05-21,"Bronx",0,10
2019-05-20,"Brooklyn",0,36
2019-05-20,"Brooklyn",0,7
2019-05-19,"Manhattan",18,18
2019-05-19,"Manhattan",18,18
2019-05-19,"Manhattan",18,18
2019-05-19,"Manhattan",24,24
2019-05-19,"Manhattan",22,22
2019-05-19,"Manhattan",22,22
2019-05-19,"Manhattan",22,22
2019-05-19,"Manhattan",18,18
2019-05-19,"Manhattan",18,18
2019-05-19,"Manhattan",18,18
2019-05-17,"Brooklyn",0,3
2019-05-17,"Queens",1,1
2019-05-17,"Brooklyn",0,8
2019-05-17,"Brooklyn",0,8
2019-05-16,"Manhattan",430,431
2019-05-16,"Brooklyn",0,10
2019-05-16,"Brooklyn",6,27
2019-05-15,"Manhattan",1,1
2019-05-15,"Staten Island",1,1
2019-05-14,"Brooklyn",0,20
2019-05-13,"Queens",0,16
2019-05-10,"Brooklyn",0,22
2019-05-10,"Brooklyn",0,38
2019-05-07,"Bronx",51,52
2019-05-07,"Bronx",48,49
2019-05-07,"Bronx",33,34
2019-05-07,"Bronx",63,63
2019-05-07,"Bronx",37,37
2019-05-07,"Bronx",59,59
2019-05-07,"Bronx",13,13
2019-05-07,"Bronx",30,31
2019-05-06,"Bronx",335,353
2019-05-03,"Brooklyn",45,90
2019-05-02,"Bronx",1,1
2019-05-01,"Queens",1,1
2019-05-01,"Brooklyn",0,16
2019-05-01,"Brooklyn",0,14
2019-05-01,"Brooklyn",0,2
2019-04-30,"Manhattan",59,60
2019-04-30,"Queens",1,1
2019-04-30,"Brooklyn",0,10
2019-04-30,"Bronx",0,11
2019-04-29,"Manhattan",111,113
2019-04-29,"Brooklyn",0,9
2019-04-29,"Brooklyn",0,9
2019-04-26,"Brooklyn",175,218
2019-04-26,"Queens",1,1
2019-04-26,"Queens",0,8
2019-04-25,"Bronx",211,249
2019-04-25,"Manhattan",2,49
2019-04-24,"Manhattan",0,375
2019-04-22,"Queens",1,1
2019-04-18,"Brooklyn",8,8
2019-04-18,"Brooklyn",8,8
2019-04-18,"Brooklyn",8,8
2019-04-18,"Brooklyn",8,8
2019-04-18,"Brooklyn",7,8
2019-04-18,"Brooklyn",8,8
2019-04-18,"Brooklyn",8,8
2019-04-18,"Brooklyn",8,8
2019-04-18,"Brooklyn",8,8
2019-04-18,"Brooklyn",8,8
2019-04-18,"Brooklyn",8,8
2019-04-18,"Brooklyn",8,8
2019-04-18,"Brooklyn",8,8
2019-04-18,"Brooklyn",8,8
2019-04-18,"Brooklyn",8,8
2019-04-18,"Brooklyn",8,8
2019-04-18,"Brooklyn",8,8
2019-04-18,"Brooklyn",8,8
2019-04-18,"Brooklyn",8,8
2019-04-18,"Brooklyn",8,8
2019-04-18,"Brooklyn",79,80
2019-04-18,"Manhattan",1,18
2019-04-18,"Bronx",0,7
2019-04-17,"Brooklyn",0,20
2019-04-16,"Brooklyn",3,14
2019-04-15,"Bronx",1,1
2019-04-15,"Brooklyn",0,10
2019-04-12,"Brooklyn",2,8
2019-04-12,"Bronx",0,8
2019-04-11,"Bronx",47,48
2019-04-08,"Brooklyn",0,28
2019-04-05,"Bronx",1,1
2019-04-04,"Manhattan",17,28
2019-04-04,"Manhattan",13,25
2019-04-03,"Bronx",0,10
2019-04-01,"Brooklyn",0,8
2019-03-29,"Brooklyn",8,46
2019-03-29,"Brooklyn",0,13
2019-03-28,"Bronx",89,90
2019-03-28,"Brooklyn",5,27
2019-03-28,"Brooklyn",1,1
2019-03-28,"Queens",1,1
2019-03-27,"Manhattan",0,13
2019-03-27,"Manhattan",0,15
2019-03-27,"Bronx",31,108
2019-03-27,"Brooklyn",0,8
2019-03-27,"Brooklyn",0,8
2019-03-27,"Bronx",1,1
2019-03-26,"Brooklyn",128,129
2019-03-26,"Bronx",153,154
2019-03-26,"Bronx",254,255
2019-03-26,"Brooklyn",0,8
2019-03-25,"Brooklyn",0,9
2019-03-25,"Brooklyn",3,12
2019-03-22,"Brooklyn",0,16
2019-03-22,"Brooklyn",0,6
2019-03-21,"Bronx",0,15
2019-03-14,"Brooklyn",0,8
2019-03-13,"Brooklyn",6,29
2019-03-11,"Brooklyn",0,12
2019-03-11,"Brooklyn",0,13
2019-03-08,"Brooklyn",0,32
2019-03-08,"Bronx",0,41
2019-03-05,"Brooklyn",0,8
2019-03-05,"Brooklyn",0,21
2019-03-04,"Brooklyn",0,8
2019-03-04,"Brooklyn",0,8
2019-03-01,"Brooklyn",0,18
2019-02-28,"Manhattan",0,8
2019-02-28,"Manhattan",0,8
2019-02-28,"Manhattan",0,8
2019-02-28,"Manhattan",0,8
2019-02-22,"Staten Island",1,1
2019-02-18,"Bronx",118,119
2019-02-15,"Brooklyn",0,8
2019-02-15,"Brooklyn",0,8
2019-02-14,"Manhattan",150,151
2019-02-13,"Bronx",0,26
2019-02-11,"Staten Island",1,1
2019-02-08,"Brooklyn",135,136
2019-02-06,"Queens",1,1
2019-02-06,"Queens",1,1
2019-02-05,"Brooklyn",0,93
2019-02-04,"Brooklyn",4,19
2019-02-04,"Bronx",0,10
2019-01-31,"Brooklyn",60,60
2019-01-31,"Brooklyn",190,355
2019-01-29,"Brooklyn",1,1
2019-01-29,"Brooklyn",0,8
2019-01-29,"Brooklyn",0,8
2019-01-25,"Brooklyn",0,8
2019-01-24,"Queens",1,1
2019-01-24,"Queens",1,1
2019-01-24,"Brooklyn",2,8
2019-01-24,"Brooklyn",2,8
2019-01-23,"Manhattan",3,3
2019-01-23,"Manhattan",8,8
2019-01-23,"Queens",1,1
2019-01-23,"Brooklyn",13,57
2019-01-23,"Brooklyn",4,20
2019-01-19,"Queens",0,23
2019-01-19,"Brooklyn",0,35
2019-01-18,"Queens",1,1
2019-01-18,"Brooklyn",0,6
2019-01-18,"Manhattan",0,22
2019-01-17,"Manhattan",0,15
2019-01-16,"Brooklyn",1,1
2019-01-16,"Queens",1,1
2019-01-15,"Brooklyn",0,8
2019-01-14,"Brooklyn",0,8
2019-01-14,"Queens",0,74
2019-01-09,"Brooklyn",1,1
2019-01-03,"Brooklyn",0,197
